Endorsement Date,Skill Name,Endorser First Name,Endorser Last Name,Endorser Public Url,Endorsement Status
05 Jun 1833,Notation,Charles,Babbage,https://www.linkedin.com/in/fake-charles-babbage,ACCEPTED
05 Jun 1833,Operational Cards,Charles,Babbage,https://www.linkedin.com/in/fake-charles-babbage,ACCEPTED
05 Jun 1833,Debugging,Charles,Babbage,https://www.linkedin.com/in/fake-charles-babbage,ACCEPTED
05 Jun 1833,Translation,Charles,Babbage,https://www.linkedin.com/in/fake-charles-babbage,ACCEPTED
05 Jun 1833,Stakeholder Management,Charles,Babbage,https://www.linkedin.com/in/fake-charles-babbage,ACCEPTED
22 Mar 1833,Analytical Thinking,Mary,Somerville,https://www.linkedin.com/in/fake-mary-somerville,ACCEPTED
22 Mar 1833,Mathematics,Mary,Somerville,https://www.linkedin.com/in/fake-mary-somerville,ACCEPTED
22 Mar 1833,Perseverance,Mary,Somerville,https://www.linkedin.com/in/fake-mary-somerville,ACCEPTED
18 Oct 1843,Mathematics,Michael,Faraday,https://www.linkedin.com/in/fake-michael-faraday,ACCEPTED
18 Oct 1843,Symbolic Reasoning,Michael,Faraday,https://www.linkedin.com/in/fake-michael-faraday,ACCEPTED
14 May 1852,Data Visualisation,Florence,Nightingale,https://www.linkedin.com/in/fake-florence-nightingale,ACCEPTED
14 May 1852,Analytical Thinking,Florence,Nightingale,https://www.linkedin.com/in/fake-florence-nightingale,ACCEPTED
11 Feb 1840,Symbolic Logic,Augustus,De Morgan,https://www.linkedin.com/in/fake-augustus-de-morgan,ACCEPTED
11 Feb 1840,Perseverance,Augustus,De Morgan,https://www.linkedin.com/in/fake-augustus-de-morgan,ACCEPTED
29 Aug 1835,Analytical Thinking,John,Herschel,https://www.linkedin.com/in/fake-john-herschel,ACCEPTED
29 Aug 1835,Symbolic Reasoning,John,Herschel,https://www.linkedin.com/in/fake-john-herschel,ACCEPTED
02 May 1836,Writing,William,Whewell,https://www.linkedin.com/in/fake-william-whewell,ACCEPTED
02 May 1836,Philosophy of Science,William,Whewell,https://www.linkedin.com/in/fake-william-whewell,ACCEPTED
06 Jun 1840,Writing,Charles,Dickens,https://www.linkedin.com/in/fake-charles-dickens,ACCEPTED
06 Jun 1840,Public Speaking,Charles,Dickens,https://www.linkedin.com/in/fake-charles-dickens,ACCEPTED
17 Jan 1842,Symbolic Reasoning,Mary,Shelley,https://www.linkedin.com/in/fake-mary-shelley,ACCEPTED
13 Jan 1848,Technical Writing,Sherlock,Holmes,https://www.linkedin.com/in/fake-sherlock-holmes-1320,ACCEPTED
15 Aug 1844,Observability,Nova,Granger,https://www.linkedin.com/in/fake-nova-granger-589,ACCEPTED
01 May 1847,Mobile Development,Samwise,Pembrook,https://www.linkedin.com/in/fake-samwise-pembrook-407,ACCEPTED
18 Nov 1847,Web Performance,Rachel,Boyd,https://www.linkedin.com/in/fake-rachel-boyd-1577,ACCEPTED
16 Jul 1843,Code Review,Seren,Mellark,https://www.linkedin.com/in/fake-seren-mellark-1785,ACCEPTED
26 Oct 1846,Reactive Programming,Caspian,Liskov,https://www.linkedin.com/in/fake-caspian-liskov-1111,ACCEPTED
05 Aug 1849,Azure,Faramir,Holmes,https://www.linkedin.com/in/fake-faramir-holmes-687,ACCEPTED
20 May 1840,Performance Tuning,Charles,Scully,https://www.linkedin.com/in/fake-charles-scully-1759,ACCEPTED
04 Nov 1838,Architecture,Maryam,Tesla,https://www.linkedin.com/in/fake-maryam-tesla-420,ACCEPTED
19 Jun 1839,Redis,Bilbo,of Motunui,https://www.linkedin.com/in/fake-bilbo-of-motunui-918,ACCEPTED
23 May 1842,Kubernetes,Mary,of Rohan,https://www.linkedin.com/in/fake-mary-of-rohan-891,ACCEPTED
07 Dec 1840,On-Call,Vera,of Ithilien,https://www.linkedin.com/in/fake-vera-of-ithilien-873,ACCEPTED
14 Aug 1847,Scalability,Chien-Shiung,Lamarr,https://www.linkedin.com/in/fake-chien-shiung-lamarr-1461,ACCEPTED
09 Apr 1844,On-Call,Rachel,Fenwick,https://www.linkedin.com/in/fake-rachel-fenwick-1181,ACCEPTED
06 Jun 1847,Terraform,Chien-Shiung,Byron,https://www.linkedin.com/in/fake-chien-shiung-byron-563,ACCEPTED
04 Oct 1840,Git,Jean-Luc,Knuth,https://www.linkedin.com/in/fake-jean-luc-knuth-400,ACCEPTED
12 Jul 1843,Functional Programming,Kael,Everdeen,https://www.linkedin.com/in/fake-kael-everdeen-1675,ACCEPTED
26 Nov 1848,Terraform,Bilbo,Reyes,https://www.linkedin.com/in/fake-bilbo-reyes-472,ACCEPTED
15 Jun 1849,Mentoring,Frances,Summerfield,https://www.linkedin.com/in/fake-frances-summerfield-1165,ACCEPTED
23 Feb 1843,Hiring,Henrietta,Hopper,https://www.linkedin.com/in/fake-henrietta-hopper-1234,ACCEPTED
12 May 1848,TypeScript,Aragorn,Pembrook,https://www.linkedin.com/in/fake-aragorn-pembrook-1262,ACCEPTED
07 Jan 1847,Cross-Platform Development,Neo,Took,https://www.linkedin.com/in/fake-neo-took-396,ACCEPTED
01 Jun 1841,Scalability,Hedy,Goodall,https://www.linkedin.com/in/fake-hedy-goodall-1202,ACCEPTED
13 Jun 1840,Redis,Caspian,Moonglow,https://www.linkedin.com/in/fake-caspian-moonglow-1422,ACCEPTED
22 Jun 1839,Linux,Jane,Took,https://www.linkedin.com/in/fake-jane-took-409,ACCEPTED
14 Nov 1851,Cross-Platform Development,Fable,Quibble,https://www.linkedin.com/in/fake-fable-quibble-1517,ACCEPTED
05 Feb 1844,gRPC,Mulan,Carson,https://www.linkedin.com/in/fake-mulan-carson-1231,ACCEPTED
26 Apr 1850,Code Review,Radia,Ashford,https://www.linkedin.com/in/fake-radia-ashford-1888,ACCEPTED
09 Mar 1839,UX Design,Morpheus,Thornwood,https://www.linkedin.com/in/fake-morpheus-thornwood-631,ACCEPTED
05 Mar 1851,Technical Writing,Frances,Summerfield,https://www.linkedin.com/in/fake-frances-summerfield-1165,ACCEPTED
11 Jan 1845,Technical Writing,Sable,Stark,https://www.linkedin.com/in/fake-sable-stark-1286,ACCEPTED
04 Jul 1848,Docker,Nova,Bramble,https://www.linkedin.com/in/fake-nova-bramble-769,ACCEPTED
28 May 1846,Incident Response,Rhonda,Curie,https://www.linkedin.com/in/fake-rhonda-curie-2008,ACCEPTED
18 May 1848,Distributed Systems,Trinity,Boyd,https://www.linkedin.com/in/fake-trinity-boyd-1568,ACCEPTED
16 Aug 1848,Redis,Anna,Hopper,https://www.linkedin.com/in/fake-anna-hopper-1674,ACCEPTED
22 Nov 1841,Functional Programming,Nova,Reyes,https://www.linkedin.com/in/fake-nova-reyes-1439,ACCEPTED
20 Nov 1847,Recruiting,Briar,Thornwood,https://www.linkedin.com/in/fake-briar-thornwood-816,ACCEPTED
22 Jul 1843,Observability,Rachel,Jackson,https://www.linkedin.com/in/fake-rachel-jackson-719,ACCEPTED
14 Apr 1839,Go,Katniss,Pembrook,https://www.linkedin.com/in/fake-katniss-pembrook-1848,ACCEPTED
04 Feb 1844,Web Performance,Donald,Weasley,https://www.linkedin.com/in/fake-donald-weasley-246,ACCEPTED
14 Jun 1841,Azure,Dorothy,Ritchie,https://www.linkedin.com/in/fake-dorothy-ritchie-1994,ACCEPTED
24 Jan 1838,JavaScript,Trinity,Rubin,https://www.linkedin.com/in/fake-trinity-rubin-1606,ACCEPTED
24 Mar 1847,GCP,Nova,Bramble,https://www.linkedin.com/in/fake-nova-bramble-769,ACCEPTED
22 May 1841,Linux,Thistle,Gamgee,https://www.linkedin.com/in/fake-thistle-gamgee-1630,ACCEPTED
13 Oct 1843,TDD,Aragorn,Pembrook,https://www.linkedin.com/in/fake-aragorn-pembrook-1262,ACCEPTED
18 Oct 1850,Incident Response,Moana,Tesla,https://www.linkedin.com/in/fake-moana-tesla-2037,ACCEPTED
05 Mar 1847,Kubernetes,Jean-Luc,Brookworth,https://www.linkedin.com/in/fake-jean-luc-brookworth-242,ACCEPTED
27 Sep 1842,Product Strategy,Charles,Boyd,https://www.linkedin.com/in/fake-charles-boyd-623,ACCEPTED
26 Nov 1842,Redis,Charles,Fenwick,https://www.linkedin.com/in/fake-charles-fenwick-1764,ACCEPTED
19 Jun 1839,Cross-Platform Development,Milo,Fermi,https://www.linkedin.com/in/fake-milo-fermi-1277,ACCEPTED
03 Aug 1843,Java,Grace,Mirzakhani,https://www.linkedin.com/in/fake-grace-mirzakhani-685,ACCEPTED
23 Jan 1838,On-Call,Dorothy,Liskov,https://www.linkedin.com/in/fake-dorothy-liskov-547,ACCEPTED
02 Jun 1849,Redis,Dennis,of Ithilien,https://www.linkedin.com/in/fake-dennis-of-ithilien-185,ACCEPTED
07 Mar 1846,Linux,Morpheus,Babbage,https://www.linkedin.com/in/fake-morpheus-babbage-312,ACCEPTED
18 Nov 1851,Kafka,Ada,Turing,https://www.linkedin.com/in/fake-ada-turing-203,ACCEPTED
19 Jul 1838,GraphQL,Bilbo,Baggins,https://www.linkedin.com/in/fake-bilbo-baggins-883,ACCEPTED
07 Jun 1842,TypeScript,Ezra,Nightingale,https://www.linkedin.com/in/fake-ezra-nightingale-1625,ACCEPTED
02 Aug 1847,CI/CD,Juno,Pembrook,https://www.linkedin.com/in/fake-juno-pembrook-750,ACCEPTED
28 Apr 1838,Accessibility,Sable,Fermi,https://www.linkedin.com/in/fake-sable-fermi-1109,ACCEPTED
23 Jan 1851,Functional Programming,Belle,Longbottom,https://www.linkedin.com/in/fake-belle-longbottom-616,ACCEPTED
20 May 1846,gRPC,Dorothy,Organa,https://www.linkedin.com/in/fake-dorothy-organa-554,ACCEPTED
12 Jan 1846,Swift,Faramir,Byron,https://www.linkedin.com/in/fake-faramir-byron-456,ACCEPTED
19 Jan 1850,Architecture,John,Everdeen,https://www.linkedin.com/in/fake-john-everdeen-1565,ACCEPTED
11 Sep 1838,GCP,Eowyn,Brookworth,https://www.linkedin.com/in/fake-eowyn-brookworth-103,ACCEPTED
24 May 1848,Linux,Nova,Granger,https://www.linkedin.com/in/fake-nova-granger-589,ACCEPTED
12 Apr 1845,Linux,Sofia,of Motunui,https://www.linkedin.com/in/fake-sofia-of-motunui-596,ACCEPTED
05 Jul 1843,PostgreSQL,Mary,son of Arathorn,https://www.linkedin.com/in/fake-mary-son-of-arathorn-1500,ACCEPTED
27 Apr 1845,Architecture,Enrico,Harbinger,https://www.linkedin.com/in/fake-enrico-harbinger-88,ACCEPTED
11 Jan 1842,Kotlin,Emmy,Blackwell,https://www.linkedin.com/in/fake-emmy-blackwell-1760,ACCEPTED
28 Dec 1848,C++,Edsger,Finch,https://www.linkedin.com/in/fake-edsger-finch-1078,ACCEPTED
16 Mar 1846,Code Review,Frances,of Lothlorien,https://www.linkedin.com/in/fake-frances-of-lothlorien-1407,ACCEPTED
01 Aug 1851,Rust,Radia,Ashford,https://www.linkedin.com/in/fake-radia-ashford-1888,ACCEPTED
06 Oct 1850,Mentoring,Marie,Vaughan,https://www.linkedin.com/in/fake-marie-vaughan-1304,ACCEPTED
08 Jun 1845,PostgreSQL,Mary,Noether,https://www.linkedin.com/in/fake-mary-noether-1879,ACCEPTED
27 Oct 1844,Linux,Emmy,Rubin,https://www.linkedin.com/in/fake-emmy-rubin-833,ACCEPTED
09 Apr 1838,Cross-Platform Development,Orin,Ashford,https://www.linkedin.com/in/fake-orin-ashford-665,ACCEPTED
20 Oct 1844,PostgreSQL,Shakuntala,son of Arathorn,https://www.linkedin.com/in/fake-shakuntala-son-of-arathorn-716,ACCEPTED
16 Jul 1850,Scalability,Atticus,son of Arathorn,https://www.linkedin.com/in/fake-atticus-son-of-arathorn-159,ACCEPTED
28 Aug 1838,RabbitMQ,Vera,of Ithilien,https://www.linkedin.com/in/fake-vera-of-ithilien-873,ACCEPTED
25 Mar 1850,Java,Belle,Franklin,https://www.linkedin.com/in/fake-belle-franklin-1608,ACCEPTED
09 Aug 1841,Performance Tuning,Bilbo,of Alexandria,https://www.linkedin.com/in/fake-bilbo-of-alexandria-328,ACCEPTED
12 Feb 1840,On-Call,Claude,of Lothlorien,https://www.linkedin.com/in/fake-claude-of-lothlorien-217,ACCEPTED
16 Mar 1842,Mobile Development,Ellen,Shannon,https://www.linkedin.com/in/fake-ellen-shannon-1125,ACCEPTED
20 Aug 1840,Git,Hedy,of Arendelle,https://www.linkedin.com/in/fake-hedy-of-arendelle-438,ACCEPTED
01 Apr 1840,Go,Rhonda,of Ithilien,https://www.linkedin.com/in/fake-rhonda-of-ithilien-847,ACCEPTED
18 Nov 1838,Public Speaking,Alan,Boyd,https://www.linkedin.com/in/fake-alan-boyd-2048,ACCEPTED
18 Oct 1842,Mobile Development,Elizabeth,Thornwood,https://www.linkedin.com/in/fake-elizabeth-thornwood-532,ACCEPTED
26 May 1842,RabbitMQ,Atticus,Franklin,https://www.linkedin.com/in/fake-atticus-franklin-794,ACCEPTED
02 Oct 1851,System Design,Emmy,Wu,https://www.linkedin.com/in/fake-emmy-wu-881,ACCEPTED
20 Dec 1845,Docker,Linnea,Lamarr,https://www.linkedin.com/in/fake-linnea-lamarr-552,ACCEPTED
18 Mar 1849,Java,Tessa,Knuth,https://www.linkedin.com/in/fake-tessa-knuth-54,ACCEPTED
21 Dec 1846,Docker,Barbara,Hamilton,https://www.linkedin.com/in/fake-barbara-hamilton-155,ACCEPTED
10 Mar 1848,Go,Margaret,of Arendelle,https://www.linkedin.com/in/fake-margaret-of-arendelle-1434,ACCEPTED
12 Mar 1844,Linux,Frances,Johnson,https://www.linkedin.com/in/fake-frances-johnson-1325,ACCEPTED
26 Jun 1846,Java,Emmy,Gamgee,https://www.linkedin.com/in/fake-emmy-gamgee-336,ACCEPTED
14 Aug 1848,Public Speaking,Chien-Shiung,Bell Burnell,https://www.linkedin.com/in/fake-chien-shiung-bell-burnell-1706,ACCEPTED
18 Oct 1850,CI/CD,Beatrice,Harbinger,https://www.linkedin.com/in/fake-beatrice-harbinger-759,ACCEPTED
20 Oct 1846,People Management,Margaret,Shannon,https://www.linkedin.com/in/fake-margaret-shannon-904,ACCEPTED
20 Feb 1846,Kafka,Hypatia,Boyd,https://www.linkedin.com/in/fake-hypatia-boyd-951,ACCEPTED
12 Apr 1848,System Design,Neville,Cannon,https://www.linkedin.com/in/fake-neville-cannon-1221,ACCEPTED
10 Aug 1843,Cross-Platform Development,Leia,of Rohan,https://www.linkedin.com/in/fake-leia-of-rohan-334,ACCEPTED
14 Oct 1842,CI/CD,Dorothy,Liskov,https://www.linkedin.com/in/fake-dorothy-liskov-208,ACCEPTED
21 Jan 1847,REST APIs,Enrico,Mirzakhani,https://www.linkedin.com/in/fake-enrico-mirzakhani-971,ACCEPTED
03 Jan 1839,Machine Learning,Beatrice,Tesla,https://www.linkedin.com/in/fake-beatrice-tesla-895,ACCEPTED
13 Dec 1848,Mentoring,Jane,Quibble,https://www.linkedin.com/in/fake-jane-quibble-484,ACCEPTED
23 Oct 1846,Python,Samwise,of Arendelle,https://www.linkedin.com/in/fake-samwise-of-arendelle-1858,ACCEPTED
07 Mar 1849,Data Engineering,Moana,Quibble,https://www.linkedin.com/in/fake-moana-quibble-995,ACCEPTED
16 Jan 1845,Cross-Platform Development,Elizabeth,Lannister,https://www.linkedin.com/in/fake-elizabeth-lannister-1028,ACCEPTED
26 Aug 1841,Cross-Platform Development,Dennis,Lovegood,https://www.linkedin.com/in/fake-dennis-lovegood-1140,ACCEPTED
18 Feb 1839,Scalability,Bilbo,Bennet,https://www.linkedin.com/in/fake-bilbo-bennet-98,ACCEPTED
17 Jun 1846,System Design,Ellen,Lannister,https://www.linkedin.com/in/fake-ellen-lannister-1155,ACCEPTED
24 Jul 1840,On-Call,Henrietta,Devi,https://www.linkedin.com/in/fake-henrietta-devi-2014,ACCEPTED
07 Sep 1845,AWS,Neville,Weasley,https://www.linkedin.com/in/fake-neville-weasley-608,ACCEPTED
22 Sep 1850,System Design,Barbara,Lannister,https://www.linkedin.com/in/fake-barbara-lannister-1668,ACCEPTED
05 Nov 1846,Kafka,Maryam,Tesla,https://www.linkedin.com/in/fake-maryam-tesla-420,ACCEPTED
08 Dec 1841,Kotlin,Frodo,of Alexandria,https://www.linkedin.com/in/fake-frodo-of-alexandria-1249,ACCEPTED
09 Dec 1839,Kotlin,Chien-Shiung,Nightingale,https://www.linkedin.com/in/fake-chien-shiung-nightingale-147,ACCEPTED
09 May 1848,Security Engineering,Moana,Shelley,https://www.linkedin.com/in/fake-moana-shelley-1790,ACCEPTED
19 Sep 1846,On-Call,Ada,Goodall,https://www.linkedin.com/in/fake-ada-goodall-1778,ACCEPTED
22 Apr 1849,Reactive Programming,Morpheus,Blackburn,https://www.linkedin.com/in/fake-morpheus-blackburn-763,ACCEPTED
01 Dec 1840,Type Theory,Galadriel,Granger,https://www.linkedin.com/in/fake-galadriel-granger-293,ACCEPTED
20 Jul 1848,TDD,Wren,Ashford,https://www.linkedin.com/in/fake-wren-ashford-898,ACCEPTED
23 May 1840,GCP,Sable,Babbage,https://www.linkedin.com/in/fake-sable-babbage-1007,ACCEPTED
09 Feb 1838,AWS,Kael,Lovegood,https://www.linkedin.com/in/fake-kael-lovegood-154,ACCEPTED
25 Jun 1843,UX Design,Jane,son of Arathorn,https://www.linkedin.com/in/fake-jane-son-of-arathorn-1678,ACCEPTED
13 Jul 1850,Product Strategy,Ellen,Devi,https://www.linkedin.com/in/fake-ellen-devi-1613,ACCEPTED
28 Feb 1846,Code Review,Nikola,Lovegood,https://www.linkedin.com/in/fake-nikola-lovegood-139,ACCEPTED
28 Dec 1843,Flutter,Belle,Goodall,https://www.linkedin.com/in/fake-belle-goodall-1121,ACCEPTED
08 Aug 1851,Docker,Vera,Tesla,https://www.linkedin.com/in/fake-vera-tesla-209,ACCEPTED
13 Mar 1848,Technical Writing,Thistle,Scully,https://www.linkedin.com/in/fake-thistle-scully-361,ACCEPTED
23 Aug 1849,Redis,Elizabeth,Shelley,https://www.linkedin.com/in/fake-elizabeth-shelley-85,ACCEPTED
07 Apr 1842,Mobile Development,Thistle,Noether,https://www.linkedin.com/in/fake-thistle-noether-1646,ACCEPTED
14 Apr 1840,gRPC,Dennis,Gamgee,https://www.linkedin.com/in/fake-dennis-gamgee-1076,ACCEPTED
21 Oct 1850,Kafka,Nova,Fermi,https://www.linkedin.com/in/fake-nova-fermi-1478,ACCEPTED
04 Jul 1847,JavaScript,Henrietta,Lamarr,https://www.linkedin.com/in/fake-henrietta-lamarr-565,ACCEPTED
07 Feb 1847,Redis,Dorothy,Amidala,https://www.linkedin.com/in/fake-dorothy-amidala-674,ACCEPTED
27 Dec 1840,REST APIs,Shakuntala,Gamgee,https://www.linkedin.com/in/fake-shakuntala-gamgee-436,ACCEPTED
06 Mar 1850,CI/CD,Faramir,Ramanujan,https://www.linkedin.com/in/fake-faramir-ramanujan-543,ACCEPTED
24 Apr 1843,Architecture,Margaret,Turing,https://www.linkedin.com/in/fake-margaret-turing-1985,ACCEPTED
25 Oct 1851,Technical Writing,Annie,Lannister,https://www.linkedin.com/in/fake-annie-lannister-1940,ACCEPTED
08 Aug 1844,PostgreSQL,Dorothy,son of Arathorn,https://www.linkedin.com/in/fake-dorothy-son-of-arathorn-942,ACCEPTED
06 Oct 1846,Type Theory,Caspian,Devi,https://www.linkedin.com/in/fake-caspian-devi-1448,ACCEPTED
20 Oct 1843,Accessibility,Barbara,Rubin,https://www.linkedin.com/in/fake-barbara-rubin-745,ACCEPTED
22 Apr 1841,Agile,Jocelyn,Mirzakhani,https://www.linkedin.com/in/fake-jocelyn-mirzakhani-761,ACCEPTED
11 Jul 1850,CI/CD,Simba,Byron,https://www.linkedin.com/in/fake-simba-byron-1162,ACCEPTED
22 Sep 1850,SQL,Ellen,of Arendelle,https://www.linkedin.com/in/fake-ellen-of-arendelle-1912,ACCEPTED
03 Jun 1842,Data Engineering,Katniss,Vaughan,https://www.linkedin.com/in/fake-katniss-vaughan-1340,ACCEPTED
07 Jan 1846,Distributed Systems,Claude,Everdeen,https://www.linkedin.com/in/fake-claude-everdeen-1707,ACCEPTED
11 Aug 1841,Kafka,Neo,Franklin,https://www.linkedin.com/in/fake-neo-franklin-1270,ACCEPTED
20 Jun 1843,Kafka,Eowyn,Lovegood,https://www.linkedin.com/in/fake-eowyn-lovegood-1210,ACCEPTED
14 Jun 1847,Hiring,Hedy,Goodall,https://www.linkedin.com/in/fake-hedy-goodall-1202,ACCEPTED
06 Feb 1849,JavaScript,Henrietta,Bell Burnell,https://www.linkedin.com/in/fake-henrietta-bell-burnell-1388,ACCEPTED
25 Apr 1851,Distributed Systems,John,son of Arathorn,https://www.linkedin.com/in/fake-john-son-of-arathorn-1728,ACCEPTED
18 Dec 1844,MySQL,Chien-Shiung,Leavitt,https://www.linkedin.com/in/fake-chien-shiung-leavitt-1518,ACCEPTED
20 Jun 1844,Data Engineering,Barbara,Gamgee,https://www.linkedin.com/in/fake-barbara-gamgee-97,ACCEPTED
28 Apr 1846,Public Speaking,Frances,Johnson,https://www.linkedin.com/in/fake-frances-johnson-1325,ACCEPTED
05 Nov 1848,Technical Writing,Elizabeth,of Rohan,https://www.linkedin.com/in/fake-elizabeth-of-rohan-1934,ACCEPTED
11 Apr 1851,Public Speaking,Grace,Holmes,https://www.linkedin.com/in/fake-grace-holmes-1462,ACCEPTED
04 Feb 1839,Security Engineering,Caspian,Devi,https://www.linkedin.com/in/fake-caspian-devi-504,ACCEPTED
01 Aug 1850,Mentoring,Frances,Organa,https://www.linkedin.com/in/fake-frances-organa-851,ACCEPTED
24 Jan 1847,Performance Tuning,Belle,Lamarr,https://www.linkedin.com/in/fake-belle-lamarr-1319,ACCEPTED
04 Nov 1851,Python,Lise,of Alexandria,https://www.linkedin.com/in/fake-lise-of-alexandria-381,ACCEPTED
05 Oct 1847,Azure,Anna,Boyd,https://www.linkedin.com/in/fake-anna-boyd-1404,ACCEPTED
28 Jul 1848,Mobile Development,Marie,Hopper,https://www.linkedin.com/in/fake-marie-hopper-1024,ACCEPTED
28 May 1846,Code Review,Trinity,Ripley,https://www.linkedin.com/in/fake-trinity-ripley-704,ACCEPTED
06 Nov 1850,C++,Trinity,Everdeen,https://www.linkedin.com/in/fake-trinity-everdeen-1169,ACCEPTED
20 Oct 1842,TypeScript,Elsa,Cannon,https://www.linkedin.com/in/fake-elsa-cannon-1223,ACCEPTED
09 Apr 1844,Linux,Eowyn,Scully,https://www.linkedin.com/in/fake-eowyn-scully-1673,ACCEPTED
05 Jun 1843,Azure,Elizabeth,Noether,https://www.linkedin.com/in/fake-elizabeth-noether-136,ACCEPTED
15 Jun 1842,Reactive Programming,Emmy,Holmes,https://www.linkedin.com/in/fake-emmy-holmes-809,ACCEPTED
24 Dec 1846,GCP,Orin,Kovalevskaya,https://www.linkedin.com/in/fake-orin-kovalevskaya-181,ACCEPTED
12 Jul 1847,Scalability,Radia,Fa,https://www.linkedin.com/in/fake-radia-fa-417,ACCEPTED
02 Jun 1849,RabbitMQ,Samwise,Babbage,https://www.linkedin.com/in/fake-samwise-babbage-51,ACCEPTED
12 Nov 1838,System Design,Frodo,Mellark,https://www.linkedin.com/in/fake-frodo-mellark-452,ACCEPTED
08 Jan 1838,Azure,Ellen,Moonglow,https://www.linkedin.com/in/fake-ellen-moonglow-1869,ACCEPTED
24 Oct 1840,Web Performance,Edsger,Vaughan,https://www.linkedin.com/in/fake-edsger-vaughan-106,ACCEPTED
10 Sep 1838,Security Engineering,Nova,Babbage,https://www.linkedin.com/in/fake-nova-babbage-824,ACCEPTED
09 Jul 1838,Code Review,Mary,Babbage,https://www.linkedin.com/in/fake-mary-babbage-725,ACCEPTED
23 Jan 1847,Product Strategy,Srinivasa,Devi,https://www.linkedin.com/in/fake-srinivasa-devi-1403,ACCEPTED
28 May 1842,Web Performance,Radia,Longbottom,https://www.linkedin.com/in/fake-radia-longbottom-1618,ACCEPTED
18 Aug 1844,PostgreSQL,Kael,Hamilton,https://www.linkedin.com/in/fake-kael-hamilton-577,ACCEPTED
15 Mar 1851,Public Speaking,Jean-Luc,Babbage,https://www.linkedin.com/in/fake-jean-luc-babbage-709,ACCEPTED
15 Jun 1851,Dart,Padme,Noether,https://www.linkedin.com/in/fake-padme-noether-788,ACCEPTED
09 Aug 1847,Incident Response,Wren,Amidala,https://www.linkedin.com/in/fake-wren-amidala-517,ACCEPTED
05 Sep 1841,JavaScript,Peeta,Lamarr,https://www.linkedin.com/in/fake-peeta-lamarr-1261,ACCEPTED
09 Nov 1844,Observability,Frodo,Brookworth,https://www.linkedin.com/in/fake-frodo-brookworth-878,ACCEPTED
18 Oct 1841,People Management,Frodo,Brookworth,https://www.linkedin.com/in/fake-frodo-brookworth-878,ACCEPTED
19 Feb 1850,JavaScript,Margaret,Lovegood,https://www.linkedin.com/in/fake-margaret-lovegood-1487,ACCEPTED
15 May 1848,Kotlin,Srinivasa,Picard,https://www.linkedin.com/in/fake-srinivasa-picard-605,ACCEPTED
28 Mar 1848,Go,Sable,Fermi,https://www.linkedin.com/in/fake-sable-fermi-1109,ACCEPTED
15 Jan 1845,Kafka,Edsger,Johnson,https://www.linkedin.com/in/fake-edsger-johnson-874,ACCEPTED
15 Sep 1843,Python,Moana,Fermi,https://www.linkedin.com/in/fake-moana-fermi-15,ACCEPTED
03 Jul 1849,Rust,Luna,Shelley,https://www.linkedin.com/in/fake-luna-shelley-1932,ACCEPTED
15 Dec 1842,System Design,Claude,Took,https://www.linkedin.com/in/fake-claude-took-96,ACCEPTED
05 Jun 1846,Go,Barbara,Weasley,https://www.linkedin.com/in/fake-barbara-weasley-1548,ACCEPTED
17 Jun 1845,UX Design,Galadriel,Picard,https://www.linkedin.com/in/fake-galadriel-picard-371,ACCEPTED
01 Jul 1844,Docker,Hypatia,Lannister,https://www.linkedin.com/in/fake-hypatia-lannister-421,ACCEPTED
27 Jun 1842,Type Theory,Galadriel,Rubin,https://www.linkedin.com/in/fake-galadriel-rubin-1775,ACCEPTED
07 Jul 1842,MySQL,Elsa,Vaughan,https://www.linkedin.com/in/fake-elsa-vaughan-183,ACCEPTED
03 Mar 1839,Code Review,Tessa,Kovalevskaya,https://www.linkedin.com/in/fake-tessa-kovalevskaya-1855,ACCEPTED
06 Apr 1844,Distributed Systems,Henrietta,Dijkstra,https://www.linkedin.com/in/fake-henrietta-dijkstra-1799,ACCEPTED
12 Apr 1848,AWS,Srinivasa,Noether,https://www.linkedin.com/in/fake-srinivasa-noether-1246,ACCEPTED
12 Nov 1838,Reactive Programming,Elizabeth,of Rohan,https://www.linkedin.com/in/fake-elizabeth-of-rohan-1934,ACCEPTED
08 Jan 1843,Flutter,Jocelyn,Harbinger,https://www.linkedin.com/in/fake-jocelyn-harbinger-112,ACCEPTED
27 Aug 1845,gRPC,Elsa,Tesla,https://www.linkedin.com/in/fake-elsa-tesla-473,ACCEPTED
18 Jun 1843,MySQL,Sable,Liskov,https://www.linkedin.com/in/fake-sable-liskov-1867,ACCEPTED
23 Jan 1839,Performance Tuning,Charles,Boyd,https://www.linkedin.com/in/fake-charles-boyd-623,ACCEPTED
13 Apr 1848,Code Review,Alan,Lamarr,https://www.linkedin.com/in/fake-alan-lamarr-1784,ACCEPTED
15 Sep 1838,CI/CD,Belle,Stark,https://www.linkedin.com/in/fake-belle-stark-2045,ACCEPTED
10 Feb 1839,TypeScript,Annie,Vaughan,https://www.linkedin.com/in/fake-annie-vaughan-506,ACCEPTED
07 Feb 1846,Rust,Nova,Brookworth,https://www.linkedin.com/in/fake-nova-brookworth-1161,ACCEPTED
03 Aug 1846,Git,Marie,Carson,https://www.linkedin.com/in/fake-marie-carson-1400,ACCEPTED
05 Jan 1839,Microservices,Galadriel,Meitner,https://www.linkedin.com/in/fake-galadriel-meitner-1244,ACCEPTED
23 Jan 1842,On-Call,Quill,Meitner,https://www.linkedin.com/in/fake-quill-meitner-1556,ACCEPTED
27 Nov 1839,SQL,Ezra,Wu,https://www.linkedin.com/in/fake-ezra-wu-1949,ACCEPTED
15 Dec 1840,Recruiting,Vera,Boyd,https://www.linkedin.com/in/fake-vera-boyd-1285,ACCEPTED
24 Jul 1844,Rust,Edsger,Vaughan,https://www.linkedin.com/in/fake-edsger-vaughan-106,ACCEPTED
02 Feb 1842,Security Engineering,Galadriel,Rubin,https://www.linkedin.com/in/fake-galadriel-rubin-572,ACCEPTED
28 May 1843,Go,Leia,Organa,https://www.linkedin.com/in/fake-leia-organa-1902,ACCEPTED
27 Dec 1848,Linux,Emmy,Winterbourne,https://www.linkedin.com/in/fake-emmy-winterbourne-10,ACCEPTED
14 Dec 1849,Data Engineering,Neville,von Neumann,https://www.linkedin.com/in/fake-neville-von-neumann-228,ACCEPTED
20 Oct 1839,Dart,Lise,Ritchie,https://www.linkedin.com/in/fake-lise-ritchie-1553,ACCEPTED
03 Apr 1851,Reactive Programming,Elsa,Anderson,https://www.linkedin.com/in/fake-elsa-anderson-778,ACCEPTED
17 Dec 1844,Code Review,Eowyn,Brookworth,https://www.linkedin.com/in/fake-eowyn-brookworth-103,ACCEPTED
15 Aug 1844,Functional Programming,Faramir,of Alexandria,https://www.linkedin.com/in/fake-faramir-of-alexandria-1999,ACCEPTED
27 Nov 1840,Azure,Alan,Lovegood,https://www.linkedin.com/in/fake-alan-lovegood-1310,ACCEPTED
04 Jan 1842,Microservices,Galadriel,Fenwick,https://www.linkedin.com/in/fake-galadriel-fenwick-862,ACCEPTED
22 Sep 1848,Flutter,Vera,Bramble,https://www.linkedin.com/in/fake-vera-bramble-1037,ACCEPTED
16 Feb 1843,JavaScript,Maryam,Blackwell,https://www.linkedin.com/in/fake-maryam-blackwell-1600,ACCEPTED
07 Oct 1846,Dart,Dorothy,Ashford,https://www.linkedin.com/in/fake-dorothy-ashford-1892,ACCEPTED
14 Aug 1846,Kafka,Alan,Took,https://www.linkedin.com/in/fake-alan-took-916,ACCEPTED
09 Apr 1839,AWS,Morpheus,Wu,https://www.linkedin.com/in/fake-morpheus-wu-499,ACCEPTED
08 Jan 1846,SQL,Luna,Winterbourne,https://www.linkedin.com/in/fake-luna-winterbourne-1099,ACCEPTED
08 Jan 1844,Machine Learning,Juno,Finch,https://www.linkedin.com/in/fake-juno-finch-1845,ACCEPTED
08 Jul 1851,MongoDB,Peeta,Perkins,https://www.linkedin.com/in/fake-peeta-perkins-43,ACCEPTED
16 Aug 1840,Reactive Programming,Sofia,Moonglow,https://www.linkedin.com/in/fake-sofia-moonglow-1102,ACCEPTED
09 Oct 1843,Accessibility,Neville,Fenwick,https://www.linkedin.com/in/fake-neville-fenwick-1204,ACCEPTED
25 Jan 1848,Rust,Enrico,Rubin,https://www.linkedin.com/in/fake-enrico-rubin-367,ACCEPTED
28 Jan 1851,Linux,Belle,Blackburn,https://www.linkedin.com/in/fake-belle-blackburn-429,ACCEPTED
08 Jan 1848,Kafka,Neville,Scully,https://www.linkedin.com/in/fake-neville-scully-1939,ACCEPTED
07 Apr 1847,Redis,Samwise,of Alexandria,https://www.linkedin.com/in/fake-samwise-of-alexandria-1570,ACCEPTED
26 Feb 1841,Java,Luna,Anderson,https://www.linkedin.com/in/fake-luna-anderson-1958,ACCEPTED
09 Mar 1848,Data Engineering,Evelyn,Johnson,https://www.linkedin.com/in/fake-evelyn-johnson-1822,ACCEPTED
11 Jul 1839,Linux,Rosalind,Franklin,https://www.linkedin.com/in/fake-rosalind-franklin-1559,ACCEPTED
26 Apr 1844,Agile,Eowyn,son of Arathorn,https://www.linkedin.com/in/fake-eowyn-son-of-arathorn-1427,ACCEPTED
21 Feb 1839,Kotlin,Emmy,Blackburn,https://www.linkedin.com/in/fake-emmy-blackburn-1647,ACCEPTED
06 Feb 1844,Public Speaking,Elsa,Vaughan,https://www.linkedin.com/in/fake-elsa-vaughan-183,ACCEPTED
09 Aug 1843,Hiring,Wren,Byron,https://www.linkedin.com/in/fake-wren-byron-604,ACCEPTED
12 Sep 1850,Agile,Jean-Luc,Shelley,https://www.linkedin.com/in/fake-jean-luc-shelley-1068,ACCEPTED
11 Dec 1844,Technical Writing,Jean-Luc,Curie,https://www.linkedin.com/in/fake-jean-luc-curie-556,ACCEPTED
05 Jun 1840,Recruiting,Elizabeth,Shannon,https://www.linkedin.com/in/fake-elizabeth-shannon-1878,ACCEPTED
16 Mar 1840,Recruiting,Tessa,Byron,https://www.linkedin.com/in/fake-tessa-byron-1758,ACCEPTED
28 Sep 1839,JavaScript,Hermione,Lannister,https://www.linkedin.com/in/fake-hermione-lannister-1096,ACCEPTED
05 Sep 1842,GraphQL,Caspian,Anderson,https://www.linkedin.com/in/fake-caspian-anderson-586,ACCEPTED
11 Jun 1848,Hiring,John,Babbage,https://www.linkedin.com/in/fake-john-babbage-1034,ACCEPTED
17 Aug 1840,Kubernetes,Ada,von Neumann,https://www.linkedin.com/in/fake-ada-von-neumann-1837,ACCEPTED
01 Nov 1848,Security Engineering,Mulan,Finch,https://www.linkedin.com/in/fake-mulan-finch-626,ACCEPTED
27 Sep 1847,Flutter,Mary,of Rohan,https://www.linkedin.com/in/fake-mary-of-rohan-1483,ACCEPTED
13 May 1850,Hiring,Emmy,Vaughan,https://www.linkedin.com/in/fake-emmy-vaughan-2034,ACCEPTED
01 Jan 1846,Mentoring,Eowyn,Franklin,https://www.linkedin.com/in/fake-eowyn-franklin-1729,ACCEPTED
11 Jul 1845,SQL,Caspian,Scully,https://www.linkedin.com/in/fake-caspian-scully-360,ACCEPTED
27 Dec 1839,AWS,Morpheus,Leavitt,https://www.linkedin.com/in/fake-morpheus-leavitt-698,ACCEPTED
28 Jul 1843,Type Theory,Milo,Stark,https://www.linkedin.com/in/fake-milo-stark-574,ACCEPTED
15 Jul 1838,Performance Tuning,Belle,Lamarr,https://www.linkedin.com/in/fake-belle-lamarr-1319,ACCEPTED
10 Feb 1846,AWS,Moana,Babbage,https://www.linkedin.com/in/fake-moana-babbage-850,ACCEPTED
12 May 1839,Machine Learning,Dorothy,Meitner,https://www.linkedin.com/in/fake-dorothy-meitner-143,ACCEPTED
04 Feb 1849,UX Design,Margaret,Shannon,https://www.linkedin.com/in/fake-margaret-shannon-904,ACCEPTED
10 Feb 1839,REST APIs,Ezra,of Rohan,https://www.linkedin.com/in/fake-ezra-of-rohan-1280,ACCEPTED
20 Feb 1849,MySQL,Srinivasa,Noether,https://www.linkedin.com/in/fake-srinivasa-noether-1534,ACCEPTED
25 Dec 1844,Redis,Rhonda,Curie,https://www.linkedin.com/in/fake-rhonda-curie-2008,ACCEPTED
08 Jul 1846,Incident Response,Shakuntala,Lamarr,https://www.linkedin.com/in/fake-shakuntala-lamarr-1533,ACCEPTED
23 Feb 1842,SQL,Galadriel,Summerfield,https://www.linkedin.com/in/fake-galadriel-summerfield-1480,ACCEPTED
17 Feb 1849,MySQL,Elsa,Vaughan,https://www.linkedin.com/in/fake-elsa-vaughan-183,ACCEPTED
28 Feb 1847,Go,Hypatia,Boyd,https://www.linkedin.com/in/fake-hypatia-boyd-951,ACCEPTED
10 Sep 1843,C++,Padme,Johnson,https://www.linkedin.com/in/fake-padme-johnson-1044,ACCEPTED
13 Sep 1838,Cross-Platform Development,Claude,von Neumann,https://www.linkedin.com/in/fake-claude-von-neumann-1361,ACCEPTED
02 Jul 1838,GraphQL,Simba,Baggins,https://www.linkedin.com/in/fake-simba-baggins-1090,ACCEPTED
03 Sep 1838,Swift,Tessa,Gamgee,https://www.linkedin.com/in/fake-tessa-gamgee-1770,ACCEPTED
02 Dec 1842,Flutter,Rhonda,Perlman,https://www.linkedin.com/in/fake-rhonda-perlman-717,ACCEPTED
25 May 1842,UX Design,Henrietta,Devi,https://www.linkedin.com/in/fake-henrietta-devi-1973,ACCEPTED
12 Jul 1850,Machine Learning,Shakuntala,Organa,https://www.linkedin.com/in/fake-shakuntala-organa-1117,ACCEPTED
16 Oct 1840,Observability,Faramir,of Alexandria,https://www.linkedin.com/in/fake-faramir-of-alexandria-1999,ACCEPTED
16 Apr 1849,AWS,Samwise,of Alexandria,https://www.linkedin.com/in/fake-samwise-of-alexandria-1570,ACCEPTED
16 Jun 1843,Product Strategy,Edsger,Mellark,https://www.linkedin.com/in/fake-edsger-mellark-892,ACCEPTED
05 Oct 1843,Code Review,Ron,of Arendelle,https://www.linkedin.com/in/fake-ron-of-arendelle-1013,ACCEPTED
01 Oct 1846,Rust,Peeta,Lovelace,https://www.linkedin.com/in/fake-peeta-lovelace-1045,ACCEPTED
05 Dec 1850,gRPC,Peeta,Lamarr,https://www.linkedin.com/in/fake-peeta-lamarr-1261,ACCEPTED
23 Sep 1847,Scalability,Sable,Babbage,https://www.linkedin.com/in/fake-sable-babbage-1007,ACCEPTED
07 Nov 1845,On-Call,Mary,of Rohan,https://www.linkedin.com/in/fake-mary-of-rohan-891,ACCEPTED
24 Nov 1849,Reactive Programming,Radia,Harbinger,https://www.linkedin.com/in/fake-radia-harbinger-848,ACCEPTED
15 Jul 1840,Mentoring,Elizabeth,Picard,https://www.linkedin.com/in/fake-elizabeth-picard-2024,ACCEPTED
06 Jun 1851,Python,Alan,Anderson,https://www.linkedin.com/in/fake-alan-anderson-489,ACCEPTED
20 Sep 1845,Linux,Emmy,Blackburn,https://www.linkedin.com/in/fake-emmy-blackburn-1647,ACCEPTED
03 Oct 1838,Kotlin,Samwise,Longbottom,https://www.linkedin.com/in/fake-samwise-longbottom-1862,ACCEPTED
27 Feb 1841,PostgreSQL,Hypatia,Knuth,https://www.linkedin.com/in/fake-hypatia-knuth-480,ACCEPTED
26 Sep 1851,Distributed Systems,Rosalind,son of Arathorn,https://www.linkedin.com/in/fake-rosalind-son-of-arathorn-44,ACCEPTED
01 Mar 1841,Dart,Neville,von Neumann,https://www.linkedin.com/in/fake-neville-von-neumann-228,ACCEPTED
17 Aug 1845,System Design,John,Herschel,https://www.linkedin.com/in/fake-john-herschel,ACCEPTED
24 Aug 1842,TDD,Frances,Johnson,https://www.linkedin.com/in/fake-frances-johnson-1325,ACCEPTED
14 Mar 1838,Git,Donald,Bennet,https://www.linkedin.com/in/fake-donald-bennet-706,ACCEPTED
24 Jul 1840,Kubernetes,Fable,Byron,https://www.linkedin.com/in/fake-fable-byron-1354,ACCEPTED
09 Jul 1845,GCP,Hypatia,Lovelace,https://www.linkedin.com/in/fake-hypatia-lovelace-1723,ACCEPTED
04 Dec 1838,Terraform,Sherlock,Nightingale,https://www.linkedin.com/in/fake-sherlock-nightingale-446,ACCEPTED
20 Apr 1841,Functional Programming,John,Lamarr,https://www.linkedin.com/in/fake-john-lamarr-841,ACCEPTED
01 Apr 1849,Mobile Development,Thistle,of Arendelle,https://www.linkedin.com/in/fake-thistle-of-arendelle-1326,ACCEPTED
05 Sep 1840,GCP,Grace,Bramble,https://www.linkedin.com/in/fake-grace-bramble-938,ACCEPTED
06 Feb 1849,Docker,Fable,Weasley,https://www.linkedin.com/in/fake-fable-weasley-1880,ACCEPTED
12 Oct 1838,Observability,Atticus,of Alexandria,https://www.linkedin.com/in/fake-atticus-of-alexandria-1226,ACCEPTED
05 Jun 1848,Functional Programming,Edsger,Baggins,https://www.linkedin.com/in/fake-edsger-baggins-1264,ACCEPTED
09 Jan 1843,Accessibility,Jocelyn,Mellark,https://www.linkedin.com/in/fake-jocelyn-mellark-1236,ACCEPTED
04 Jul 1847,SQL,Samwise,Ramanujan,https://www.linkedin.com/in/fake-samwise-ramanujan-1910,ACCEPTED
24 Jun 1843,Architecture,Quill,Everdeen,https://www.linkedin.com/in/fake-quill-everdeen-1269,ACCEPTED
09 Aug 1850,System Design,Padme,of Lothlorien,https://www.linkedin.com/in/fake-padme-of-lothlorien-134,ACCEPTED
09 Jun 1839,Python,Evelyn,Pembrook,https://www.linkedin.com/in/fake-evelyn-pembrook-825,ACCEPTED
05 Oct 1850,AWS,Sherlock,Goodall,https://www.linkedin.com/in/fake-sherlock-goodall-1074,ACCEPTED
15 Mar 1841,Accessibility,Grace,Scully,https://www.linkedin.com/in/fake-grace-scully-784,ACCEPTED
05 Jul 1840,Cross-Platform Development,Henrietta,Bramble,https://www.linkedin.com/in/fake-henrietta-bramble-845,ACCEPTED
08 Apr 1842,TDD,Fable,Dijkstra,https://www.linkedin.com/in/fake-fable-dijkstra-1615,ACCEPTED
09 Mar 1849,On-Call,Dennis,Turing,https://www.linkedin.com/in/fake-dennis-turing-1653,ACCEPTED
07 Feb 1844,Python,Belle,Babbage,https://www.linkedin.com/in/fake-belle-babbage-998,ACCEPTED
22 Jun 1844,Technical Writing,Zara,Vaughan,https://www.linkedin.com/in/fake-zara-vaughan-1530,ACCEPTED
21 Nov 1842,Accessibility,Ada,Hopper,https://www.linkedin.com/in/fake-ada-hopper-276,ACCEPTED
20 Nov 1838,Flutter,Evelyn,von Neumann,https://www.linkedin.com/in/fake-evelyn-von-neumann-1927,ACCEPTED
28 May 1840,RabbitMQ,Henrietta,Turing,https://www.linkedin.com/in/fake-henrietta-turing-201,ACCEPTED
16 Oct 1851,Type Theory,Thistle,Weasley,https://www.linkedin.com/in/fake-thistle-weasley-2007,ACCEPTED
13 Feb 1849,Cross-Platform Development,Morpheus,Baggins,https://www.linkedin.com/in/fake-morpheus-baggins-152,ACCEPTED
10 Oct 1846,Kubernetes,Beatrice,Scully,https://www.linkedin.com/in/fake-beatrice-scully-1680,ACCEPTED
18 Jan 1851,AWS,Samwise,of Motunui,https://www.linkedin.com/in/fake-samwise-of-motunui-18,ACCEPTED
16 Nov 1846,Dart,Belle,Leavitt,https://www.linkedin.com/in/fake-belle-leavitt-469,ACCEPTED
26 Mar 1850,Product Strategy,Hedy,Winterbourne,https://www.linkedin.com/in/fake-hedy-winterbourne-1997,ACCEPTED
21 Mar 1846,Swift,Edsger,Byron,https://www.linkedin.com/in/fake-edsger-byron-338,ACCEPTED
02 Sep 1838,Agile,Simba,Lannister,https://www.linkedin.com/in/fake-simba-lannister-811,ACCEPTED
13 Aug 1844,Java,Galadriel,Picard,https://www.linkedin.com/in/fake-galadriel-picard-371,ACCEPTED
11 May 1845,Python,Milo,Fermi,https://www.linkedin.com/in/fake-milo-fermi-1277,ACCEPTED
11 Jan 1847,Architecture,Caspian,Moonglow,https://www.linkedin.com/in/fake-caspian-moonglow-1422,ACCEPTED
28 Jul 1844,TypeScript,Enrico,Blackburn,https://www.linkedin.com/in/fake-enrico-blackburn-1229,ACCEPTED
15 Jan 1843,Kafka,Chien-Shiung,Johnson,https://www.linkedin.com/in/fake-chien-shiung-johnson-1424,ACCEPTED
20 Jun 1840,Linux,Emmy,Leavitt,https://www.linkedin.com/in/fake-emmy-leavitt-1390,ACCEPTED
19 Nov 1838,JavaScript,Frances,Meitner,https://www.linkedin.com/in/fake-frances-meitner-1911,ACCEPTED
01 Jan 1844,Reactive Programming,Tyrion,Gamgee,https://www.linkedin.com/in/fake-tyrion-gamgee-1584,ACCEPTED
05 Jun 1843,Swift,Linnea,of Lothlorien,https://www.linkedin.com/in/fake-linnea-of-lothlorien-1465,ACCEPTED
17 Jul 1850,Redis,Srinivasa,Jackson,https://www.linkedin.com/in/fake-srinivasa-jackson-1792,ACCEPTED
22 Oct 1838,GCP,Dorothy,Organa,https://www.linkedin.com/in/fake-dorothy-organa-554,ACCEPTED
09 Nov 1846,AWS,Emmy,Summerfield,https://www.linkedin.com/in/fake-emmy-summerfield-1877,ACCEPTED
26 Jul 1847,Microservices,Seren,Nightingale,https://www.linkedin.com/in/fake-seren-nightingale-692,ACCEPTED
23 Oct 1850,AWS,Ezra,of Rohan,https://www.linkedin.com/in/fake-ezra-of-rohan-600,ACCEPTED
21 May 1840,GCP,Chien-Shiung,Bramble,https://www.linkedin.com/in/fake-chien-shiung-bramble-1619,ACCEPTED
13 Oct 1849,GraphQL,Atticus,Fermi,https://www.linkedin.com/in/fake-atticus-fermi-529,ACCEPTED
21 Jun 1841,Docker,Nova,Stark,https://www.linkedin.com/in/fake-nova-stark-1890,ACCEPTED
08 Jan 1838,Public Speaking,Kael,Johnson,https://www.linkedin.com/in/fake-kael-johnson-925,ACCEPTED
13 May 1841,MongoDB,Neo,Bell Burnell,https://www.linkedin.com/in/fake-neo-bell-burnell-416,ACCEPTED
08 Aug 1844,Linux,Srinivasa,Blackwell,https://www.linkedin.com/in/fake-srinivasa-blackwell-1203,ACCEPTED
17 Aug 1843,Agile,Marie,Ravensong,https://www.linkedin.com/in/fake-marie-ravensong-1676,ACCEPTED
26 Dec 1847,AWS,Aragorn,Bell Burnell,https://www.linkedin.com/in/fake-aragorn-bell-burnell-1689,ACCEPTED
26 Apr 1845,System Design,Jane,Scully,https://www.linkedin.com/in/fake-jane-scully-457,ACCEPTED
17 Sep 1851,MongoDB,Radia,Liskov,https://www.linkedin.com/in/fake-radia-liskov-1554,ACCEPTED
28 Sep 1844,Swift,Luna,Bennet,https://www.linkedin.com/in/fake-luna-bennet-192,ACCEPTED
15 Oct 1848,Reactive Programming,Peeta,Shannon,https://www.linkedin.com/in/fake-peeta-shannon-1293,ACCEPTED
18 Aug 1850,Functional Programming,Seren,Nightingale,https://www.linkedin.com/in/fake-seren-nightingale-692,ACCEPTED
18 Jul 1850,gRPC,Srinivasa,Blackwell,https://www.linkedin.com/in/fake-srinivasa-blackwell-1203,ACCEPTED
11 Nov 1841,MySQL,Orin,Kovalevskaya,https://www.linkedin.com/in/fake-orin-kovalevskaya-2018,ACCEPTED
07 May 1845,Agile,Shakuntala,Brookworth,https://www.linkedin.com/in/fake-shakuntala-brookworth-13,ACCEPTED
02 Aug 1843,AWS,Samwise,Shannon,https://www.linkedin.com/in/fake-samwise-shannon-224,ACCEPTED
18 Nov 1844,System Design,Grace,Bramble,https://www.linkedin.com/in/fake-grace-bramble-938,ACCEPTED
04 Nov 1839,Agile,Elizabeth,of Motunui,https://www.linkedin.com/in/fake-elizabeth-of-motunui-1235,ACCEPTED
08 Aug 1847,Java,Ada,Mirzakhani,https://www.linkedin.com/in/fake-ada-mirzakhani-1510,ACCEPTED
06 Nov 1842,JavaScript,Radia,Moonglow,https://www.linkedin.com/in/fake-radia-moonglow-1610,ACCEPTED
14 Sep 1842,JavaScript,Simba,Ashford,https://www.linkedin.com/in/fake-simba-ashford-1237,ACCEPTED
17 Jun 1846,Functional Programming,Neo,Meitner,https://www.linkedin.com/in/fake-neo-meitner-90,ACCEPTED
05 Aug 1846,TDD,Fable,Leavitt,https://www.linkedin.com/in/fake-fable-leavitt-677,ACCEPTED
19 Jan 1844,CI/CD,Morpheus,Boyd,https://www.linkedin.com/in/fake-morpheus-boyd-1983,ACCEPTED
12 Aug 1843,Git,Quill,Granger,https://www.linkedin.com/in/fake-quill-granger-1182,ACCEPTED
04 Apr 1839,Technical Writing,Edsger,Finch,https://www.linkedin.com/in/fake-edsger-finch-1078,ACCEPTED
24 Jul 1849,Product Strategy,Ellen,Devi,https://www.linkedin.com/in/fake-ellen-devi-1613,ACCEPTED
26 Feb 1850,REST APIs,Ron,Holmes,https://www.linkedin.com/in/fake-ron-holmes-355,ACCEPTED
02 Dec 1845,CI/CD,Rosalind,Pembrook,https://www.linkedin.com/in/fake-rosalind-pembrook-559,ACCEPTED
27 Jul 1846,Swift,Dennis,of Ithilien,https://www.linkedin.com/in/fake-dennis-of-ithilien-185,ACCEPTED
10 Jul 1843,Accessibility,Dorothy,Liskov,https://www.linkedin.com/in/fake-dorothy-liskov-208,ACCEPTED
10 Feb 1847,Mobile Development,Galadriel,Weasley,https://www.linkedin.com/in/fake-galadriel-weasley-999,ACCEPTED
05 Nov 1850,GraphQL,Tessa,Mellark,https://www.linkedin.com/in/fake-tessa-mellark-1767,ACCEPTED
28 Nov 1838,C++,Caspian,Devi,https://www.linkedin.com/in/fake-caspian-devi-1448,ACCEPTED
20 Feb 1842,GCP,Maryam,Shannon,https://www.linkedin.com/in/fake-maryam-shannon-32,ACCEPTED
26 Mar 1844,GCP,Jocelyn,Jackson,https://www.linkedin.com/in/fake-jocelyn-jackson-718,ACCEPTED
14 Jun 1850,Hiring,Marie,Ramanujan,https://www.linkedin.com/in/fake-marie-ramanujan-1737,ACCEPTED
16 Sep 1842,Kubernetes,Briar,Shannon,https://www.linkedin.com/in/fake-briar-shannon-1523,ACCEPTED
10 Aug 1846,TypeScript,Ada,Bell Burnell,https://www.linkedin.com/in/fake-ada-bell-burnell-555,ACCEPTED
18 May 1838,Incident Response,Linnea,Tesla,https://www.linkedin.com/in/fake-linnea-tesla-497,ACCEPTED
23 Jun 1842,People Management,Vera,Devi,https://www.linkedin.com/in/fake-vera-devi-414,ACCEPTED
21 Apr 1845,Mentoring,Claude,Longbottom,https://www.linkedin.com/in/fake-claude-longbottom-1825,ACCEPTED
09 Jun 1839,Machine Learning,Grace,Granger,https://www.linkedin.com/in/fake-grace-granger-1289,ACCEPTED
07 Apr 1851,Type Theory,Neville,Goodall,https://www.linkedin.com/in/fake-neville-goodall-1248,ACCEPTED
02 Jul 1844,Microservices,Bilbo,Reyes,https://www.linkedin.com/in/fake-bilbo-reyes-472,ACCEPTED
26 Aug 1844,People Management,Lise,Ritchie,https://www.linkedin.com/in/fake-lise-ritchie-1553,ACCEPTED
27 Mar 1846,SQL,Michael,Faraday,https://www.linkedin.com/in/fake-michael-faraday,ACCEPTED
26 Sep 1850,AWS,Ron,Baggins,https://www.linkedin.com/in/fake-ron-baggins-985,ACCEPTED
22 Apr 1843,Azure,Orin,Ashford,https://www.linkedin.com/in/fake-orin-ashford-1130,ACCEPTED
24 Jan 1843,Data Engineering,Tessa,Lannister,https://www.linkedin.com/in/fake-tessa-lannister-744,ACCEPTED
17 Feb 1839,TypeScript,Zara,Johnson,https://www.linkedin.com/in/fake-zara-johnson-1479,ACCEPTED
01 Jan 1851,Technical Writing,Juno,Finch,https://www.linkedin.com/in/fake-juno-finch-1845,ACCEPTED
23 Jun 1842,REST APIs,Shakuntala,of Rohan,https://www.linkedin.com/in/fake-shakuntala-of-rohan-1072,ACCEPTED
16 Aug 1849,Code Review,Vera,Stark,https://www.linkedin.com/in/fake-vera-stark-1138,ACCEPTED
11 Jun 1846,Incident Response,Rhonda,Curie,https://www.linkedin.com/in/fake-rhonda-curie-2008,ACCEPTED
03 Jan 1843,On-Call,Henrietta,Anderson,https://www.linkedin.com/in/fake-henrietta-anderson-1819,ACCEPTED
20 Apr 1839,Kafka,Alan,Lamarr,https://www.linkedin.com/in/fake-alan-lamarr-1784,ACCEPTED
13 Jun 1851,Mentoring,Neo,Meitner,https://www.linkedin.com/in/fake-neo-meitner-90,ACCEPTED
05 Oct 1844,Security Engineering,John,son of Arathorn,https://www.linkedin.com/in/fake-john-son-of-arathorn-1728,ACCEPTED
05 Feb 1844,RabbitMQ,Peeta,Wu,https://www.linkedin.com/in/fake-peeta-wu-1409,ACCEPTED
21 Nov 1847,Functional Programming,Henrietta,Perkins,https://www.linkedin.com/in/fake-henrietta-perkins-1153,ACCEPTED
18 Oct 1845,Mobile Development,Edsger,Tesla,https://www.linkedin.com/in/fake-edsger-tesla-1046,ACCEPTED
12 Nov 1845,Security Engineering,Thistle,Mirzakhani,https://www.linkedin.com/in/fake-thistle-mirzakhani-1172,ACCEPTED
09 Sep 1841,Architecture,Arya,Granger,https://www.linkedin.com/in/fake-arya-granger-651,ACCEPTED
11 Dec 1844,Incident Response,Quill,Kovalevskaya,https://www.linkedin.com/in/fake-quill-kovalevskaya-127,ACCEPTED
02 Apr 1843,Docker,Margaret,Curie,https://www.linkedin.com/in/fake-margaret-curie-2040,ACCEPTED
22 Oct 1850,Go,Samwise,Fenwick,https://www.linkedin.com/in/fake-samwise-fenwick-1771,ACCEPTED
20 May 1845,Git,Elizabeth,Vaughan,https://www.linkedin.com/in/fake-elizabeth-vaughan-1547,ACCEPTED
09 Mar 1842,RabbitMQ,Zara,Took,https://www.linkedin.com/in/fake-zara-took-382,ACCEPTED
06 Jan 1845,Rust,Trinity,Quibble,https://www.linkedin.com/in/fake-trinity-quibble-703,ACCEPTED
04 Jan 1843,TypeScript,Katherine,Ripley,https://www.linkedin.com/in/fake-katherine-ripley-57,ACCEPTED
14 Jun 1843,Product Strategy,Ron,Baggins,https://www.linkedin.com/in/fake-ron-baggins-985,ACCEPTED
15 Feb 1844,Type Theory,Tyrion,Tesla,https://www.linkedin.com/in/fake-tyrion-tesla-1745,ACCEPTED
13 Oct 1849,Docker,Lise,Baggins,https://www.linkedin.com/in/fake-lise-baggins-1329,ACCEPTED
14 Oct 1844,Code Review,Dorothy,Anderson,https://www.linkedin.com/in/fake-dorothy-anderson-1374,ACCEPTED
07 Nov 1847,C++,Neville,of Rohan,https://www.linkedin.com/in/fake-neville-of-rohan-540,ACCEPTED
07 Jan 1851,Code Review,Simba,of Alexandria,https://www.linkedin.com/in/fake-simba-of-alexandria-566,ACCEPTED
24 Aug 1840,AWS,Padme,Ashford,https://www.linkedin.com/in/fake-padme-ashford-1159,ACCEPTED
12 Jul 1842,Code Review,Rhonda,Lamarr,https://www.linkedin.com/in/fake-rhonda-lamarr-383,ACCEPTED
15 Aug 1844,Kafka,Eowyn,Cannon,https://www.linkedin.com/in/fake-eowyn-cannon-990,ACCEPTED
11 Oct 1838,Linux,Neville,Harbinger,https://www.linkedin.com/in/fake-neville-harbinger-1129,ACCEPTED
08 Nov 1843,People Management,Wren,Knuth,https://www.linkedin.com/in/fake-wren-knuth-1070,ACCEPTED
11 Dec 1849,Linux,Tyrion,Fenwick,https://www.linkedin.com/in/fake-tyrion-fenwick-659,ACCEPTED
02 Oct 1850,gRPC,Maryam,Ravensong,https://www.linkedin.com/in/fake-maryam-ravensong-1335,ACCEPTED
23 Dec 1845,Accessibility,Quill,Weasley,https://www.linkedin.com/in/fake-quill-weasley-965,ACCEPTED
14 Dec 1846,C++,John,Johnson,https://www.linkedin.com/in/fake-john-johnson-1376,ACCEPTED
20 May 1851,RabbitMQ,Ada,Lovegood,https://www.linkedin.com/in/fake-ada-lovegood-606,ACCEPTED
19 Jan 1847,Kotlin,Belle,Winterbourne,https://www.linkedin.com/in/fake-belle-winterbourne-1135,ACCEPTED
27 Feb 1842,GraphQL,Padme,Bramble,https://www.linkedin.com/in/fake-padme-bramble-655,ACCEPTED
25 Jan 1848,Incident Response,Jean-Luc,Ramanujan,https://www.linkedin.com/in/fake-jean-luc-ramanujan-981,ACCEPTED
07 Aug 1845,Kotlin,Thistle,Scully,https://www.linkedin.com/in/fake-thistle-scully-361,ACCEPTED
02 Dec 1840,Rust,Margaret,Lovelace,https://www.linkedin.com/in/fake-margaret-lovelace-273,ACCEPTED
27 Mar 1839,Observability,Galadriel,Wu,https://www.linkedin.com/in/fake-galadriel-wu-1352,ACCEPTED
24 Dec 1848,Redis,Morpheus,Perlman,https://www.linkedin.com/in/fake-morpheus-perlman-546,ACCEPTED
12 Aug 1850,Git,Neo,Bell Burnell,https://www.linkedin.com/in/fake-neo-bell-burnell-262,ACCEPTED
03 Sep 1841,Incident Response,Alan,Boyd,https://www.linkedin.com/in/fake-alan-boyd-2048,ACCEPTED
21 Nov 1841,TDD,Henrietta,Mirzakhani,https://www.linkedin.com/in/fake-henrietta-mirzakhani-928,ACCEPTED
13 Sep 1844,Cross-Platform Development,Frodo,Perlman,https://www.linkedin.com/in/fake-frodo-perlman-266,ACCEPTED
08 Jan 1851,TypeScript,Marie,Vaughan,https://www.linkedin.com/in/fake-marie-vaughan-1304,ACCEPTED
10 Jul 1844,Scalability,Trinity,Baggins,https://www.linkedin.com/in/fake-trinity-baggins-503,ACCEPTED
11 Feb 1845,gRPC,Samwise,Shelley,https://www.linkedin.com/in/fake-samwise-shelley-23,ACCEPTED
03 Oct 1838,Recruiting,Vera,Finch,https://www.linkedin.com/in/fake-vera-finch-292,ACCEPTED
22 Mar 1850,Architecture,John,Johnson,https://www.linkedin.com/in/fake-john-johnson-1376,ACCEPTED
25 Feb 1842,Web Performance,Katherine,of Motunui,https://www.linkedin.com/in/fake-katherine-of-motunui-48,ACCEPTED
11 May 1842,Agile,Lise,Ritchie,https://www.linkedin.com/in/fake-lise-ritchie-1553,ACCEPTED
23 Dec 1847,Mentoring,Samwise,Granger,https://www.linkedin.com/in/fake-samwise-granger-1747,ACCEPTED
15 Apr 1843,On-Call,Marie,Gamgee,https://www.linkedin.com/in/fake-marie-gamgee-1844,ACCEPTED
28 May 1843,Accessibility,Anna,Nightingale,https://www.linkedin.com/in/fake-anna-nightingale-648,ACCEPTED
21 Aug 1838,Hiring,Ellen,Lovegood,https://www.linkedin.com/in/fake-ellen-lovegood-576,ACCEPTED
22 Jul 1843,Git,Rachel,Kovalevskaya,https://www.linkedin.com/in/fake-rachel-kovalevskaya-810,ACCEPTED
10 Jun 1844,Dart,Emmy,Holmes,https://www.linkedin.com/in/fake-emmy-holmes-809,ACCEPTED
24 Mar 1851,Mentoring,Radia,Goodall,https://www.linkedin.com/in/fake-radia-goodall-1920,ACCEPTED
10 Apr 1838,Kafka,Mary,of Arendelle,https://www.linkedin.com/in/fake-mary-of-arendelle-661,ACCEPTED
28 Sep 1839,Dart,Padme,Ashford,https://www.linkedin.com/in/fake-padme-ashford-1159,ACCEPTED
20 Sep 1839,Recruiting,Simba,Scully,https://www.linkedin.com/in/fake-simba-scully-1205,ACCEPTED
06 Oct 1847,Java,Emmy,Blackburn,https://www.linkedin.com/in/fake-emmy-blackburn-564,ACCEPTED
04 Jan 1844,MySQL,Vera,Lannister,https://www.linkedin.com/in/fake-vera-lannister-639,ACCEPTED
28 Sep 1847,Observability,Leia,Devi,https://www.linkedin.com/in/fake-leia-devi-128,ACCEPTED
25 May 1848,Kubernetes,Grace,Brookworth,https://www.linkedin.com/in/fake-grace-brookworth-327,ACCEPTED
26 Oct 1845,On-Call,Linnea,Lovegood,https://www.linkedin.com/in/fake-linnea-lovegood-1520,ACCEPTED
07 Dec 1838,UX Design,Hedy,Weasley,https://www.linkedin.com/in/fake-hedy-weasley-732,ACCEPTED
15 Feb 1845,Mobile Development,Srinivasa,Ripley,https://www.linkedin.com/in/fake-srinivasa-ripley-483,ACCEPTED
26 Apr 1848,Kubernetes,Galadriel,Fenwick,https://www.linkedin.com/in/fake-galadriel-fenwick-862,ACCEPTED
07 Sep 1848,Accessibility,Ron,Baggins,https://www.linkedin.com/in/fake-ron-baggins-985,ACCEPTED
11 Nov 1843,PostgreSQL,Belle,Turing,https://www.linkedin.com/in/fake-belle-turing-1463,ACCEPTED
16 Jan 1847,MySQL,Kael,Everdeen,https://www.linkedin.com/in/fake-kael-everdeen-1675,ACCEPTED
12 Jul 1844,Agile,Jane,Holmes,https://www.linkedin.com/in/fake-jane-holmes-363,ACCEPTED
05 Jan 1847,SQL,Linnea,Perlman,https://www.linkedin.com/in/fake-linnea-perlman-1253,ACCEPTED
21 Apr 1845,gRPC,Lise,Vaughan,https://www.linkedin.com/in/fake-lise-vaughan-163,ACCEPTED
20 May 1845,RabbitMQ,Atticus,of Alexandria,https://www.linkedin.com/in/fake-atticus-of-alexandria-1226,ACCEPTED
25 Sep 1848,Incident Response,Nova,Byron,https://www.linkedin.com/in/fake-nova-byron-1345,ACCEPTED
15 Jun 1850,Redis,Srinivasa,Noether,https://www.linkedin.com/in/fake-srinivasa-noether-1534,ACCEPTED
16 Feb 1842,Java,John,son of Arathorn,https://www.linkedin.com/in/fake-john-son-of-arathorn-1015,ACCEPTED
01 Jul 1843,Security Engineering,Simba,Lannister,https://www.linkedin.com/in/fake-simba-lannister-811,ACCEPTED
21 Apr 1845,C++,Peeta,Lamarr,https://www.linkedin.com/in/fake-peeta-lamarr-1261,ACCEPTED
22 Apr 1846,Web Performance,Peeta,of Motunui,https://www.linkedin.com/in/fake-peeta-of-motunui-153,ACCEPTED
11 Aug 1848,Incident Response,Samwise,Winterbourne,https://www.linkedin.com/in/fake-samwise-winterbourne-550,ACCEPTED
05 May 1838,Rust,Jocelyn,Summerfield,https://www.linkedin.com/in/fake-jocelyn-summerfield-1230,ACCEPTED
14 Mar 1851,Docker,Seren,Nightingale,https://www.linkedin.com/in/fake-seren-nightingale-692,ACCEPTED
25 May 1849,AWS,Margaret,Perkins,https://www.linkedin.com/in/fake-margaret-perkins-1411,ACCEPTED
19 Aug 1849,Linux,Sherlock,of Motunui,https://www.linkedin.com/in/fake-sherlock-of-motunui-125,ACCEPTED
09 Jan 1843,Agile,Edsger,Byron,https://www.linkedin.com/in/fake-edsger-byron-338,ACCEPTED
17 Aug 1843,SQL,Quill,Lamarr,https://www.linkedin.com/in/fake-quill-lamarr-1458,ACCEPTED
05 Aug 1844,SQL,Vera,Curie,https://www.linkedin.com/in/fake-vera-curie-251,ACCEPTED
21 Aug 1840,Security Engineering,Padme,Noether,https://www.linkedin.com/in/fake-padme-noether-788,ACCEPTED
26 Jan 1842,Docker,Jocelyn,Weasley,https://www.linkedin.com/in/fake-jocelyn-weasley-1318,ACCEPTED
17 Jun 1851,Rust,Mulan,Finch,https://www.linkedin.com/in/fake-mulan-finch-626,ACCEPTED
22 Dec 1849,Agile,Faramir,of Alexandria,https://www.linkedin.com/in/fake-faramir-of-alexandria-1999,ACCEPTED
24 Apr 1851,Web Performance,Juno,Carson,https://www.linkedin.com/in/fake-juno-carson-1806,ACCEPTED
06 Dec 1849,Flutter,Rosalind,Mellark,https://www.linkedin.com/in/fake-rosalind-mellark-124,ACCEPTED
09 Mar 1851,Scalability,Rosalind,Liskov,https://www.linkedin.com/in/fake-rosalind-liskov-1108,ACCEPTED
19 May 1845,PostgreSQL,Jean-Luc,Picard,https://www.linkedin.com/in/fake-jean-luc-picard-1193,ACCEPTED
28 Dec 1839,People Management,Ezra,Stark,https://www.linkedin.com/in/fake-ezra-stark-1504,ACCEPTED
28 Dec 1850,REST APIs,Chien-Shiung,Meitner,https://www.linkedin.com/in/fake-chien-shiung-meitner-167,ACCEPTED
28 Apr 1838,AWS,Henrietta,Bramble,https://www.linkedin.com/in/fake-henrietta-bramble-845,ACCEPTED
23 Jun 1840,AWS,Sofia,Weasley,https://www.linkedin.com/in/fake-sofia-weasley-1126,ACCEPTED
15 Aug 1839,Functional Programming,Neville,Weasley,https://www.linkedin.com/in/fake-neville-weasley-608,ACCEPTED
14 Oct 1838,Machine Learning,Annie,Perkins,https://www.linkedin.com/in/fake-annie-perkins-856,ACCEPTED
13 Jan 1849,Kubernetes,Frodo,of Motunui,https://www.linkedin.com/in/fake-frodo-of-motunui-1341,ACCEPTED
26 Jan 1851,Observability,Seren,Nightingale,https://www.linkedin.com/in/fake-seren-nightingale-692,ACCEPTED
04 Jan 1840,Scalability,Padme,of Lothlorien,https://www.linkedin.com/in/fake-padme-of-lothlorien-123,ACCEPTED
27 Dec 1848,PostgreSQL,Emmy,Leavitt,https://www.linkedin.com/in/fake-emmy-leavitt-1390,ACCEPTED
06 Dec 1840,Kafka,Anna,Carson,https://www.linkedin.com/in/fake-anna-carson-490,ACCEPTED
23 Jul 1847,Incident Response,John,Thornwood,https://www.linkedin.com/in/fake-john-thornwood-377,ACCEPTED
18 Aug 1850,Flutter,Padme,Lovelace,https://www.linkedin.com/in/fake-padme-lovelace-1429,ACCEPTED
17 Mar 1840,TDD,Eowyn,Brookworth,https://www.linkedin.com/in/fake-eowyn-brookworth-103,ACCEPTED
25 Sep 1845,Code Review,Radia,Harbinger,https://www.linkedin.com/in/fake-radia-harbinger-696,ACCEPTED
06 Apr 1848,Security Engineering,Orin,Cannon,https://www.linkedin.com/in/fake-orin-cannon-946,ACCEPTED
24 Aug 1849,Mentoring,Samwise,Summerfield,https://www.linkedin.com/in/fake-samwise-summerfield-801,ACCEPTED
18 Apr 1839,Mentoring,Sherlock,Holmes,https://www.linkedin.com/in/fake-sherlock-holmes-1320,ACCEPTED
17 Jan 1844,Accessibility,Charles,Hopper,https://www.linkedin.com/in/fake-charles-hopper-1538,ACCEPTED
18 Nov 1844,Incident Response,Anna,Byron,https://www.linkedin.com/in/fake-anna-byron-545,ACCEPTED
13 Nov 1838,Java,Annie,Mellark,https://www.linkedin.com/in/fake-annie-mellark-1532,ACCEPTED
15 Nov 1847,Python,Edsger,Carson,https://www.linkedin.com/in/fake-edsger-carson-1260,ACCEPTED
13 Mar 1844,Security Engineering,Samwise,Granger,https://www.linkedin.com/in/fake-samwise-granger-1747,ACCEPTED
22 Mar 1840,Reactive Programming,Faramir,Brookworth,https://www.linkedin.com/in/fake-faramir-brookworth-1887,ACCEPTED
02 May 1840,Cross-Platform Development,Vera,of Motunui,https://www.linkedin.com/in/fake-vera-of-motunui-1077,ACCEPTED
12 Aug 1847,Java,Caspian,Devi,https://www.linkedin.com/in/fake-caspian-devi-504,ACCEPTED
02 Feb 1848,Recruiting,Edsger,Tesla,https://www.linkedin.com/in/fake-edsger-tesla-1046,ACCEPTED
26 Sep 1840,Terraform,Neville,Fenwick,https://www.linkedin.com/in/fake-neville-fenwick-1204,ACCEPTED
26 Dec 1838,Incident Response,Charles,Bramble,https://www.linkedin.com/in/fake-charles-bramble-1882,ACCEPTED
14 Jun 1848,UX Design,John,Lamarr,https://www.linkedin.com/in/fake-john-lamarr-841,ACCEPTED
18 Jan 1842,Swift,Arya,Carson,https://www.linkedin.com/in/fake-arya-carson-1152,ACCEPTED
28 Feb 1843,Machine Learning,Elizabeth,Cannon,https://www.linkedin.com/in/fake-elizabeth-cannon-1173,ACCEPTED
03 Apr 1850,UX Design,Margaret,Curie,https://www.linkedin.com/in/fake-margaret-curie-2040,ACCEPTED
24 May 1843,JavaScript,Claude,Noether,https://www.linkedin.com/in/fake-claude-noether-1178,ACCEPTED
04 Jan 1847,Azure,Milo,Hamilton,https://www.linkedin.com/in/fake-milo-hamilton-1945,ACCEPTED
11 Jan 1850,gRPC,Caspian,Gamgee,https://www.linkedin.com/in/fake-caspian-gamgee-310,ACCEPTED
07 Jan 1845,JavaScript,Evelyn,Ashford,https://www.linkedin.com/in/fake-evelyn-ashford-1935,ACCEPTED
12 Jul 1845,Web Performance,Katniss,Vaughan,https://www.linkedin.com/in/fake-katniss-vaughan-1839,ACCEPTED
15 Aug 1843,TDD,Frodo,of Alexandria,https://www.linkedin.com/in/fake-frodo-of-alexandria-1249,ACCEPTED
21 Jan 1844,Data Engineering,Charles,Dijkstra,https://www.linkedin.com/in/fake-charles-dijkstra-1348,ACCEPTED
04 Jul 1839,Code Review,Simba,Baggins,https://www.linkedin.com/in/fake-simba-baggins-1090,ACCEPTED
19 Sep 1842,Data Engineering,Ezra,of Rohan,https://www.linkedin.com/in/fake-ezra-of-rohan-1280,ACCEPTED
09 Mar 1842,Agile,Alan,Boyd,https://www.linkedin.com/in/fake-alan-boyd-2048,ACCEPTED
06 Apr 1840,Azure,Enrico,of Lothlorien,https://www.linkedin.com/in/fake-enrico-of-lothlorien-279,ACCEPTED
12 Jun 1848,Kubernetes,Radia,Harbinger,https://www.linkedin.com/in/fake-radia-harbinger-696,ACCEPTED
27 May 1840,TDD,Katherine,Perkins,https://www.linkedin.com/in/fake-katherine-perkins-331,ACCEPTED
18 Dec 1840,Hiring,Trinity,of Motunui,https://www.linkedin.com/in/fake-trinity-of-motunui-793,ACCEPTED
02 Jan 1838,AWS,Moana,of Alexandria,https://www.linkedin.com/in/fake-moana-of-alexandria-1484,ACCEPTED
18 Dec 1839,Observability,Hermione,Liskov,https://www.linkedin.com/in/fake-hermione-liskov-174,ACCEPTED
01 Feb 1839,Performance Tuning,Hypatia,Blackburn,https://www.linkedin.com/in/fake-hypatia-blackburn-1227,ACCEPTED
27 Aug 1849,Kotlin,Dana,Bennet,https://www.linkedin.com/in/fake-dana-bennet-419,ACCEPTED
21 Feb 1838,Rust,Linnea,Lamarr,https://www.linkedin.com/in/fake-linnea-lamarr-552,ACCEPTED
03 Nov 1844,Distributed Systems,Elizabeth,Cannon,https://www.linkedin.com/in/fake-elizabeth-cannon-1611,ACCEPTED
03 Jul 1845,Architecture,Dennis,Brookworth,https://www.linkedin.com/in/fake-dennis-brookworth-560,ACCEPTED
20 Jun 1843,Type Theory,Seren,von Neumann,https://www.linkedin.com/in/fake-seren-von-neumann-973,ACCEPTED
20 May 1838,Hiring,Frances,Hopper,https://www.linkedin.com/in/fake-frances-hopper-236,ACCEPTED
05 Sep 1843,Azure,Alan,Shelley,https://www.linkedin.com/in/fake-alan-shelley-645,ACCEPTED
12 Feb 1845,Mentoring,Wren,Goodall,https://www.linkedin.com/in/fake-wren-goodall-458,ACCEPTED
10 Aug 1842,UX Design,Peeta,Perkins,https://www.linkedin.com/in/fake-peeta-perkins-43,ACCEPTED
17 Jun 1847,Kubernetes,John,Lamarr,https://www.linkedin.com/in/fake-john-lamarr-841,ACCEPTED
23 Oct 1846,Kubernetes,Ron,Thornwood,https://www.linkedin.com/in/fake-ron-thornwood-1761,ACCEPTED
28 May 1844,Go,Grace,Goodall,https://www.linkedin.com/in/fake-grace-goodall-678,ACCEPTED
17 Jun 1845,Hiring,Katherine,Fa,https://www.linkedin.com/in/fake-katherine-fa-1857,ACCEPTED
14 Oct 1847,Kafka,Vera,Ritchie,https://www.linkedin.com/in/fake-vera-ritchie-834,ACCEPTED
08 Jul 1847,UX Design,Nova,Brookworth,https://www.linkedin.com/in/fake-nova-brookworth-730,ACCEPTED
19 May 1847,GCP,Fable,Dijkstra,https://www.linkedin.com/in/fake-fable-dijkstra-1615,ACCEPTED
12 Jun 1844,Observability,Trinity,von Neumann,https://www.linkedin.com/in/fake-trinity-von-neumann-1282,ACCEPTED
19 Jun 1850,Cross-Platform Development,Aragorn,Bell Burnell,https://www.linkedin.com/in/fake-aragorn-bell-burnell-1689,ACCEPTED
12 Sep 1841,Scalability,Nova,Babbage,https://www.linkedin.com/in/fake-nova-babbage-824,ACCEPTED
25 Sep 1845,Kafka,Nova,Picard,https://www.linkedin.com/in/fake-nova-picard-1691,ACCEPTED
16 Nov 1848,Machine Learning,Ron,Noether,https://www.linkedin.com/in/fake-ron-noether-1645,ACCEPTED
05 Feb 1844,Dart,Samwise,Babbage,https://www.linkedin.com/in/fake-samwise-babbage-51,ACCEPTED
22 Apr 1851,People Management,Bilbo,Bennet,https://www.linkedin.com/in/fake-bilbo-bennet-428,ACCEPTED
28 Sep 1850,TypeScript,Elizabeth,Weasley,https://www.linkedin.com/in/fake-elizabeth-weasley-515,ACCEPTED
04 Jun 1848,Technical Writing,Rosalind,Johnson,https://www.linkedin.com/in/fake-rosalind-johnson-303,ACCEPTED
06 Jun 1839,GCP,Elsa,Bell Burnell,https://www.linkedin.com/in/fake-elsa-bell-burnell-672,ACCEPTED
24 Dec 1845,People Management,Eowyn,Reyes,https://www.linkedin.com/in/fake-eowyn-reyes-755,ACCEPTED
21 Sep 1851,People Management,Samwise,Summerfield,https://www.linkedin.com/in/fake-samwise-summerfield-801,ACCEPTED
20 May 1851,Microservices,Barbara,Weasley,https://www.linkedin.com/in/fake-barbara-weasley-1548,ACCEPTED
01 Jul 1848,Cross-Platform Development,Mary,Scully,https://www.linkedin.com/in/fake-mary-scully-41,ACCEPTED
14 Apr 1840,MongoDB,Rosalind,Mellark,https://www.linkedin.com/in/fake-rosalind-mellark-124,ACCEPTED
22 Aug 1847,Dart,Elsa,Devi,https://www.linkedin.com/in/fake-elsa-devi-33,ACCEPTED
15 Sep 1848,SQL,Thistle,Goodall,https://www.linkedin.com/in/fake-thistle-goodall-910,ACCEPTED
27 Oct 1846,gRPC,John,Holmes,https://www.linkedin.com/in/fake-john-holmes-980,ACCEPTED
09 Oct 1848,Mentoring,Wren,Granger,https://www.linkedin.com/in/fake-wren-granger-89,ACCEPTED
15 Oct 1849,RabbitMQ,Orin,Ripley,https://www.linkedin.com/in/fake-orin-ripley-100,ACCEPTED
25 Feb 1849,Go,Briar,Ashford,https://www.linkedin.com/in/fake-briar-ashford-259,ACCEPTED
04 Jun 1841,Product Strategy,Edsger,Lamarr,https://www.linkedin.com/in/fake-edsger-lamarr-468,ACCEPTED
20 May 1846,Kafka,Annie,Anderson,https://www.linkedin.com/in/fake-annie-anderson-975,ACCEPTED
23 May 1840,GCP,Alan,Boyd,https://www.linkedin.com/in/fake-alan-boyd-2048,ACCEPTED
01 Apr 1841,PostgreSQL,Emmy,Kovalevskaya,https://www.linkedin.com/in/fake-emmy-kovalevskaya-93,ACCEPTED
03 Jul 1840,Hiring,Galadriel,Knuth,https://www.linkedin.com/in/fake-galadriel-knuth-1683,ACCEPTED
20 Sep 1843,Distributed Systems,Eowyn,Meitner,https://www.linkedin.com/in/fake-eowyn-meitner-239,ACCEPTED
08 Nov 1845,UX Design,Beatrice,Hopper,https://www.linkedin.com/in/fake-beatrice-hopper-598,ACCEPTED
14 Apr 1843,MongoDB,Elizabeth,of Rohan,https://www.linkedin.com/in/fake-elizabeth-of-rohan-1934,ACCEPTED
25 Sep 1850,Hiring,Galadriel,Jackson,https://www.linkedin.com/in/fake-galadriel-jackson-1080,ACCEPTED
21 Aug 1838,GraphQL,Faramir,Moonglow,https://www.linkedin.com/in/fake-faramir-moonglow-991,ACCEPTED
10 Nov 1841,gRPC,Grace,Liskov,https://www.linkedin.com/in/fake-grace-liskov-632,ACCEPTED
20 Sep 1850,Java,Eowyn,Meitner,https://www.linkedin.com/in/fake-eowyn-meitner-239,ACCEPTED
27 Mar 1846,Mentoring,Henrietta,Tesla,https://www.linkedin.com/in/fake-henrietta-tesla-56,ACCEPTED
08 Oct 1839,Kubernetes,Shakuntala,Hollow,https://www.linkedin.com/in/fake-shakuntala-hollow-1637,ACCEPTED
04 Dec 1844,CI/CD,Alan,Knuth,https://www.linkedin.com/in/fake-alan-knuth-1550,ACCEPTED
28 Jul 1847,Microservices,Juno,Longbottom,https://www.linkedin.com/in/fake-juno-longbottom-264,ACCEPTED
21 Aug 1841,RabbitMQ,Peeta,Perkins,https://www.linkedin.com/in/fake-peeta-perkins-43,ACCEPTED
07 Dec 1842,Product Strategy,Arya,Gamgee,https://www.linkedin.com/in/fake-arya-gamgee-1051,ACCEPTED
23 Mar 1850,Web Performance,Mary,Hopper,https://www.linkedin.com/in/fake-mary-hopper-496,ACCEPTED
14 Dec 1845,Functional Programming,Jocelyn,Organa,https://www.linkedin.com/in/fake-jocelyn-organa-1145,ACCEPTED
08 Nov 1843,Accessibility,Samwise,Took,https://www.linkedin.com/in/fake-samwise-took-215,ACCEPTED
06 Feb 1845,People Management,Jane,Quibble,https://www.linkedin.com/in/fake-jane-quibble-484,ACCEPTED
21 Sep 1851,Azure,Elizabeth,Perkins,https://www.linkedin.com/in/fake-elizabeth-perkins-277,ACCEPTED
10 Nov 1848,Recruiting,Ezra,Blackwell,https://www.linkedin.com/in/fake-ezra-blackwell-403,ACCEPTED
03 Jan 1847,Public Speaking,Tessa,Bell Burnell,https://www.linkedin.com/in/fake-tessa-bell-burnell-1291,ACCEPTED
11 Feb 1845,Flutter,Annie,Lamarr,https://www.linkedin.com/in/fake-annie-lamarr-431,ACCEPTED
28 Mar 1843,Swift,Faramir,Moonglow,https://www.linkedin.com/in/fake-faramir-moonglow-12,ACCEPTED
12 Feb 1845,Mobile Development,Fable,Franklin,https://www.linkedin.com/in/fake-fable-franklin-289,ACCEPTED
04 May 1840,Azure,Alan,Franklin,https://www.linkedin.com/in/fake-alan-franklin-73,ACCEPTED
14 Feb 1841,C++,Seren,Byron,https://www.linkedin.com/in/fake-seren-byron-1508,ACCEPTED
12 Sep 1847,C++,Ada,Turing,https://www.linkedin.com/in/fake-ada-turing-203,ACCEPTED
04 Aug 1849,SQL,Sable,Ritchie,https://www.linkedin.com/in/fake-sable-ritchie-1343,ACCEPTED
27 Nov 1847,On-Call,Ada,Hopper,https://www.linkedin.com/in/fake-ada-hopper-276,ACCEPTED
03 Jan 1846,Redis,Annie,Vaughan,https://www.linkedin.com/in/fake-annie-vaughan-506,ACCEPTED
08 Feb 1846,Go,Neville,Stark,https://www.linkedin.com/in/fake-neville-stark-110,ACCEPTED
06 Jan 1841,RabbitMQ,Hedy,of Lothlorien,https://www.linkedin.com/in/fake-hedy-of-lothlorien-691,ACCEPTED
05 Nov 1842,Kubernetes,Samwise,Hollow,https://www.linkedin.com/in/fake-samwise-hollow-346,ACCEPTED
25 Jun 1840,Performance Tuning,Hedy,Jackson,https://www.linkedin.com/in/fake-hedy-jackson-368,ACCEPTED
20 Jan 1838,Type Theory,Neo,Blackwell,https://www.linkedin.com/in/fake-neo-blackwell-113,ACCEPTED
14 Oct 1849,Scalability,Mulan,Harbinger,https://www.linkedin.com/in/fake-mulan-harbinger-1931,ACCEPTED
26 Nov 1841,Scalability,Zara,Brookworth,https://www.linkedin.com/in/fake-zara-brookworth-875,ACCEPTED
21 Jul 1849,AWS,Padme,Lovegood,https://www.linkedin.com/in/fake-padme-lovegood-715,ACCEPTED
17 Oct 1843,TDD,Radia,son of Arathorn,https://www.linkedin.com/in/fake-radia-son-of-arathorn-395,ACCEPTED
22 Feb 1847,Microservices,Neo,von Neumann,https://www.linkedin.com/in/fake-neo-von-neumann-1950,ACCEPTED
04 Jul 1849,Rust,Frodo,Blackburn,https://www.linkedin.com/in/fake-frodo-blackburn-1405,ACCEPTED
01 Jun 1845,Docker,Jean-Luc,Lamarr,https://www.linkedin.com/in/fake-jean-luc-lamarr-2020,ACCEPTED
01 May 1844,GraphQL,Neo,Lannister,https://www.linkedin.com/in/fake-neo-lannister-467,ACCEPTED
24 Sep 1844,Code Review,Maryam,of Ithilien,https://www.linkedin.com/in/fake-maryam-of-ithilien-798,ACCEPTED
01 Mar 1848,Type Theory,Neville,Hollow,https://www.linkedin.com/in/fake-neville-hollow-1886,ACCEPTED
14 Jul 1850,Code Review,Samwise,Amidala,https://www.linkedin.com/in/fake-samwise-amidala-86,ACCEPTED
07 Apr 1845,GCP,Edsger,Byron,https://www.linkedin.com/in/fake-edsger-byron-1382,ACCEPTED
06 Mar 1842,Flutter,Rachel,Lovegood,https://www.linkedin.com/in/fake-rachel-lovegood-1596,ACCEPTED
26 Sep 1840,JavaScript,Ron,Noether,https://www.linkedin.com/in/fake-ron-noether-1645,ACCEPTED
13 Sep 1851,Product Strategy,Enrico,Lovelace,https://www.linkedin.com/in/fake-enrico-lovelace-643,ACCEPTED
24 Feb 1848,Accessibility,Atticus,Franklin,https://www.linkedin.com/in/fake-atticus-franklin-794,ACCEPTED
13 Jun 1843,Docker,Neo,Winterbourne,https://www.linkedin.com/in/fake-neo-winterbourne-1821,ACCEPTED
10 Nov 1850,Observability,Sable,Liskov,https://www.linkedin.com/in/fake-sable-liskov-1867,ACCEPTED
03 Aug 1840,TDD,Elizabeth,Nightingale,https://www.linkedin.com/in/fake-elizabeth-nightingale-650,ACCEPTED
18 Jul 1847,Swift,Katniss,Lovelace,https://www.linkedin.com/in/fake-katniss-lovelace-1323,ACCEPTED
14 Mar 1839,Accessibility,Jean-Luc,Knuth,https://www.linkedin.com/in/fake-jean-luc-knuth-400,ACCEPTED
04 Jun 1845,JavaScript,Dana,Ritchie,https://www.linkedin.com/in/fake-dana-ritchie-1222,ACCEPTED
19 Jan 1846,Incident Response,Frances,Ritchie,https://www.linkedin.com/in/fake-frances-ritchie-369,ACCEPTED
27 Jan 1850,TDD,Juno,Anderson,https://www.linkedin.com/in/fake-juno-anderson-822,ACCEPTED
20 Mar 1847,Dart,Morpheus,Everdeen,https://www.linkedin.com/in/fake-morpheus-everdeen-1071,ACCEPTED
02 Feb 1838,Machine Learning,Orin,Noether,https://www.linkedin.com/in/fake-orin-noether-206,ACCEPTED
19 Aug 1846,Data Engineering,Eowyn,Reyes,https://www.linkedin.com/in/fake-eowyn-reyes-755,ACCEPTED
10 Aug 1844,GCP,Jean-Luc,Noether,https://www.linkedin.com/in/fake-jean-luc-noether-1749,ACCEPTED
12 Jun 1838,GCP,Beatrice,Ripley,https://www.linkedin.com/in/fake-beatrice-ripley-1378,ACCEPTED
21 Jul 1839,Public Speaking,Arya,Ashford,https://www.linkedin.com/in/fake-arya-ashford-121,ACCEPTED
18 Jul 1844,Code Review,Vera,of Motunui,https://www.linkedin.com/in/fake-vera-of-motunui-1306,ACCEPTED
09 May 1848,Mobile Development,Seren,Noether,https://www.linkedin.com/in/fake-seren-noether-1714,ACCEPTED
01 Oct 1850,Product Strategy,Barbara,Organa,https://www.linkedin.com/in/fake-barbara-organa-2032,ACCEPTED
10 Apr 1845,Dart,Padme,Picard,https://www.linkedin.com/in/fake-padme-picard-1212,ACCEPTED
19 Jun 1850,Functional Programming,Hypatia,Boyd,https://www.linkedin.com/in/fake-hypatia-boyd-951,ACCEPTED
08 Apr 1849,Web Performance,Elsa,Perlman,https://www.linkedin.com/in/fake-elsa-perlman-357,ACCEPTED
01 Aug 1848,Agile,Hermione,of Alexandria,https://www.linkedin.com/in/fake-hermione-of-alexandria-773,ACCEPTED
16 Apr 1838,System Design,Samwise,Longbottom,https://www.linkedin.com/in/fake-samwise-longbottom-1862,ACCEPTED
05 Mar 1839,GraphQL,Orin,Nightingale,https://www.linkedin.com/in/fake-orin-nightingale-160,ACCEPTED
21 Oct 1839,MongoDB,Hypatia,Vaughan,https://www.linkedin.com/in/fake-hypatia-vaughan-145,ACCEPTED
26 Feb 1851,Accessibility,Ada,Turing,https://www.linkedin.com/in/fake-ada-turing-1602,ACCEPTED
13 Mar 1848,Accessibility,Katniss,Reyes,https://www.linkedin.com/in/fake-katniss-reyes-1817,ACCEPTED
19 Jan 1840,Hiring,Ada,Amidala,https://www.linkedin.com/in/fake-ada-amidala-787,ACCEPTED
23 Jan 1844,Cross-Platform Development,Hypatia,Knuth,https://www.linkedin.com/in/fake-hypatia-knuth-480,ACCEPTED
10 Mar 1846,Flutter,Hypatia,Blackburn,https://www.linkedin.com/in/fake-hypatia-blackburn-1227,ACCEPTED
10 Nov 1844,Azure,Dorothy,Stark,https://www.linkedin.com/in/fake-dorothy-stark-1854,ACCEPTED
08 Apr 1848,People Management,Ellen,Ashford,https://www.linkedin.com/in/fake-ellen-ashford-508,ACCEPTED
22 Apr 1851,MongoDB,Juno,son of Arathorn,https://www.linkedin.com/in/fake-juno-son-of-arathorn-1347,ACCEPTED
11 Feb 1845,Flutter,Nova,Kovalevskaya,https://www.linkedin.com/in/fake-nova-kovalevskaya-1241,ACCEPTED
13 May 1843,Incident Response,Leia,Lovegood,https://www.linkedin.com/in/fake-leia-lovegood-1338,ACCEPTED
24 Mar 1842,Agile,Enrico,Rubin,https://www.linkedin.com/in/fake-enrico-rubin-367,ACCEPTED
15 May 1838,GCP,Arya,Boyd,https://www.linkedin.com/in/fake-arya-boyd-846,ACCEPTED
19 Aug 1845,Mentoring,Peeta,Wu,https://www.linkedin.com/in/fake-peeta-wu-1409,ACCEPTED
13 Apr 1842,Data Engineering,John,Gamgee,https://www.linkedin.com/in/fake-john-gamgee-900,ACCEPTED
