From,To,Sent At,Message,Direction,inviterProfileUrl,inviteeProfileUrl
Ada Byron-Lovelace,Lord Byron,1823-07-18 11:00:00 UTC,Father — I understand Mother has reluctantly permitted me to write. I would very much like to make your acquaintance. Ada.,OUTGOING,https://www.linkedin.com/in/fake-ada-byron-lovelace,https://www.linkedin.com/in/fake-lord-byron
Faramir Carson,Ada Byron-Lovelace,1833-05-18 07:47:49 UTC,,INCOMING,https://www.linkedin.com/in/fake-faramir-carson-1721,https://www.linkedin.com/in/fake-ada-byron-lovelace
Ada Byron-Lovelace,Emmy Curie,1850-05-16 12:04:18 UTC,,OUTGOING,https://www.linkedin.com/in/fake-ada-byron-lovelace,https://www.linkedin.com/in/fake-emmy-curie-471
Ada Byron-Lovelace,Vera Ritchie,1834-01-20 03:29:03 UTC,,OUTGOING,https://www.linkedin.com/in/fake-ada-byron-lovelace,https://www.linkedin.com/in/fake-vera-ritchie-834
Ada Byron-Lovelace,Milo of Ithilien,1850-12-16 16:33:43 UTC,,OUTGOING,https://www.linkedin.com/in/fake-ada-byron-lovelace,https://www.linkedin.com/in/fake-milo-of-ithilien-792
Ada Goodall,Ada Byron-Lovelace,1847-10-07 17:14:10 UTC,We met at the Royal Institution lecture. Would you be open to connecting?,INCOMING,https://www.linkedin.com/in/fake-ada-goodall-1778,https://www.linkedin.com/in/fake-ada-byron-lovelace
Lise Thornwood,Ada Byron-Lovelace,1851-04-14 08:54:09 UTC,We met at the Royal Institution lecture. Would you be open to connecting?,INCOMING,https://www.linkedin.com/in/fake-lise-thornwood-1430,https://www.linkedin.com/in/fake-ada-byron-lovelace
Shakuntala Organa,Ada Byron-Lovelace,1845-09-15 03:04:15 UTC,We met at the Royal Institution lecture. Would you be open to connecting?,INCOMING,https://www.linkedin.com/in/fake-shakuntala-organa-1117,https://www.linkedin.com/in/fake-ada-byron-lovelace
Anna Fermi,Ada Byron-Lovelace,1845-05-12 19:34:59 UTC,We met at the Royal Institution lecture. Would you be open to connecting?,INCOMING,https://www.linkedin.com/in/fake-anna-fermi-1638,https://www.linkedin.com/in/fake-ada-byron-lovelace
Ada Byron-Lovelace,Nikola son of Arathorn,1846-09-17 16:30:34 UTC,We met at the Royal Institution lecture. Would you be open to connecting?,OUTGOING,https://www.linkedin.com/in/fake-ada-byron-lovelace,https://www.linkedin.com/in/fake-nikola-son-of-arathorn-1938
Ada Byron-Lovelace,Maryam Finch,1850-11-22 18:55:25 UTC,We met at the Royal Institution lecture. Would you be open to connecting?,OUTGOING,https://www.linkedin.com/in/fake-ada-byron-lovelace,https://www.linkedin.com/in/fake-maryam-finch-1346
Ada Byron-Lovelace,Eowyn Summerfield,1851-04-03 05:08:15 UTC,We met at the Royal Institution lecture. Would you be open to connecting?,OUTGOING,https://www.linkedin.com/in/fake-ada-byron-lovelace,https://www.linkedin.com/in/fake-eowyn-summerfield-1587
Belle Vaughan,Ada Byron-Lovelace,1842-11-13 02:40:29 UTC,,INCOMING,https://www.linkedin.com/in/fake-belle-vaughan-25,https://www.linkedin.com/in/fake-ada-byron-lovelace
Ada Byron-Lovelace,Barbara Weasley,1840-06-10 11:04:54 UTC,We met at the Royal Institution lecture. Would you be open to connecting?,OUTGOING,https://www.linkedin.com/in/fake-ada-byron-lovelace,https://www.linkedin.com/in/fake-barbara-weasley-1548
Katniss Winterbourne,Ada Byron-Lovelace,1840-09-06 07:41:01 UTC,We met at the Royal Institution lecture. Would you be open to connecting?,INCOMING,https://www.linkedin.com/in/fake-katniss-winterbourne-1065,https://www.linkedin.com/in/fake-ada-byron-lovelace
Moana Amidala,Ada Byron-Lovelace,1838-11-13 23:11:55 UTC,We met at the Royal Institution lecture. Would you be open to connecting?,INCOMING,https://www.linkedin.com/in/fake-moana-amidala-1597,https://www.linkedin.com/in/fake-ada-byron-lovelace
Katniss Pembrook,Ada Byron-Lovelace,1842-03-23 11:49:14 UTC,,INCOMING,https://www.linkedin.com/in/fake-katniss-pembrook-1848,https://www.linkedin.com/in/fake-ada-byron-lovelace
Ada Byron-Lovelace,Chien-Shiung Bramble,1842-07-17 09:23:51 UTC,,OUTGOING,https://www.linkedin.com/in/fake-ada-byron-lovelace,https://www.linkedin.com/in/fake-chien-shiung-bramble-1619
Zara Ripley,Ada Byron-Lovelace,1835-09-02 03:17:09 UTC,,INCOMING,https://www.linkedin.com/in/fake-zara-ripley-1561,https://www.linkedin.com/in/fake-ada-byron-lovelace
Quill Weasley,Ada Byron-Lovelace,1838-11-12 21:08:02 UTC,,INCOMING,https://www.linkedin.com/in/fake-quill-weasley-965,https://www.linkedin.com/in/fake-ada-byron-lovelace
Ada Byron-Lovelace,Neo Lannister,1849-07-21 19:06:35 UTC,We met at the Royal Institution lecture. Would you be open to connecting?,OUTGOING,https://www.linkedin.com/in/fake-ada-byron-lovelace,https://www.linkedin.com/in/fake-neo-lannister-430
Katniss Organa,Ada Byron-Lovelace,1842-02-28 19:06:43 UTC,,INCOMING,https://www.linkedin.com/in/fake-katniss-organa-673,https://www.linkedin.com/in/fake-ada-byron-lovelace
Ada Byron-Lovelace,Galadriel Johnson,1845-03-02 04:44:27 UTC,We met at the Royal Institution lecture. Would you be open to connecting?,OUTGOING,https://www.linkedin.com/in/fake-ada-byron-lovelace,https://www.linkedin.com/in/fake-galadriel-johnson-1245
Ada Byron-Lovelace,Lise Stark,1841-01-11 15:05:28 UTC,,OUTGOING,https://www.linkedin.com/in/fake-ada-byron-lovelace,https://www.linkedin.com/in/fake-lise-stark-579
Frodo Baggins,Ada Byron-Lovelace,1834-08-23 14:54:55 UTC,,INCOMING,https://www.linkedin.com/in/fake-frodo-baggins-444,https://www.linkedin.com/in/fake-ada-byron-lovelace
Anna Fermi,Ada Byron-Lovelace,1849-12-05 22:30:56 UTC,,INCOMING,https://www.linkedin.com/in/fake-anna-fermi-1638,https://www.linkedin.com/in/fake-ada-byron-lovelace
Ada Byron-Lovelace,Trinity Ripley,1833-02-17 06:35:08 UTC,,OUTGOING,https://www.linkedin.com/in/fake-ada-byron-lovelace,https://www.linkedin.com/in/fake-trinity-ripley-704
Padme Carson,Ada Byron-Lovelace,1844-05-25 17:56:16 UTC,,INCOMING,https://www.linkedin.com/in/fake-padme-carson-1415,https://www.linkedin.com/in/fake-ada-byron-lovelace
Ada Byron-Lovelace,Belle Vaughan,1834-06-25 12:09:55 UTC,We met at the Royal Institution lecture. Would you be open to connecting?,OUTGOING,https://www.linkedin.com/in/fake-ada-byron-lovelace,https://www.linkedin.com/in/fake-belle-vaughan-25
Emmy Blackwell,Ada Byron-Lovelace,1840-01-22 15:36:40 UTC,,INCOMING,https://www.linkedin.com/in/fake-emmy-blackwell-843,https://www.linkedin.com/in/fake-ada-byron-lovelace
Peeta Turing,Ada Byron-Lovelace,1838-06-02 00:46:28 UTC,,INCOMING,https://www.linkedin.com/in/fake-peeta-turing-130,https://www.linkedin.com/in/fake-ada-byron-lovelace
Ada Byron-Lovelace,Juno Meitner,1847-06-11 22:48:05 UTC,,OUTGOING,https://www.linkedin.com/in/fake-ada-byron-lovelace,https://www.linkedin.com/in/fake-juno-meitner-278
Ada Byron-Lovelace,John son of Arathorn,1848-06-19 19:59:28 UTC,,OUTGOING,https://www.linkedin.com/in/fake-ada-byron-lovelace,https://www.linkedin.com/in/fake-john-son-of-arathorn-1142
Margaret Curie,Ada Byron-Lovelace,1833-01-18 01:40:08 UTC,We met at the Royal Institution lecture. Would you be open to connecting?,INCOMING,https://www.linkedin.com/in/fake-margaret-curie-2040,https://www.linkedin.com/in/fake-ada-byron-lovelace
Ada Byron-Lovelace,Samwise Winterbourne,1838-04-28 18:41:13 UTC,We met at the Royal Institution lecture. Would you be open to connecting?,OUTGOING,https://www.linkedin.com/in/fake-ada-byron-lovelace,https://www.linkedin.com/in/fake-samwise-winterbourne-670
Ada Byron-Lovelace,Lise of Rohan,1843-07-24 03:02:21 UTC,,OUTGOING,https://www.linkedin.com/in/fake-ada-byron-lovelace,https://www.linkedin.com/in/fake-lise-of-rohan-924
Barbara Devi,Ada Byron-Lovelace,1833-08-24 10:59:10 UTC,We met at the Royal Institution lecture. Would you be open to connecting?,INCOMING,https://www.linkedin.com/in/fake-barbara-devi-1032,https://www.linkedin.com/in/fake-ada-byron-lovelace
Lise Mellark,Ada Byron-Lovelace,1850-04-17 01:16:59 UTC,,INCOMING,https://www.linkedin.com/in/fake-lise-mellark-840,https://www.linkedin.com/in/fake-ada-byron-lovelace
Ada Byron-Lovelace,Thistle von Neumann,1845-05-25 21:31:32 UTC,We met at the Royal Institution lecture. Would you be open to connecting?,OUTGOING,https://www.linkedin.com/in/fake-ada-byron-lovelace,https://www.linkedin.com/in/fake-thistle-von-neumann-1810
Peeta of Motunui,Ada Byron-Lovelace,1835-11-15 01:25:06 UTC,We met at the Royal Institution lecture. Would you be open to connecting?,INCOMING,https://www.linkedin.com/in/fake-peeta-of-motunui-1838,https://www.linkedin.com/in/fake-ada-byron-lovelace
Grace Carson,Ada Byron-Lovelace,1844-09-08 13:28:53 UTC,,INCOMING,https://www.linkedin.com/in/fake-grace-carson-1658,https://www.linkedin.com/in/fake-ada-byron-lovelace
Ada Byron-Lovelace,Beatrice Harbinger,1837-08-27 08:35:13 UTC,,OUTGOING,https://www.linkedin.com/in/fake-ada-byron-lovelace,https://www.linkedin.com/in/fake-beatrice-harbinger-759
Ada Byron-Lovelace,Edsger Leavitt,1848-10-02 16:38:10 UTC,,OUTGOING,https://www.linkedin.com/in/fake-ada-byron-lovelace,https://www.linkedin.com/in/fake-edsger-leavitt-219
Anna Hopper,Ada Byron-Lovelace,1849-04-09 08:14:24 UTC,,INCOMING,https://www.linkedin.com/in/fake-anna-hopper-1674,https://www.linkedin.com/in/fake-ada-byron-lovelace
Ada Byron-Lovelace,Frodo Blackburn,1844-10-06 18:14:48 UTC,,OUTGOING,https://www.linkedin.com/in/fake-ada-byron-lovelace,https://www.linkedin.com/in/fake-frodo-blackburn-1405
Wren Granger,Ada Byron-Lovelace,1847-06-15 02:26:06 UTC,We met at the Royal Institution lecture. Would you be open to connecting?,INCOMING,https://www.linkedin.com/in/fake-wren-granger-89,https://www.linkedin.com/in/fake-ada-byron-lovelace
Ada Byron-Lovelace,Ada Summerfield,1848-09-22 01:40:22 UTC,,OUTGOING,https://www.linkedin.com/in/fake-ada-byron-lovelace,https://www.linkedin.com/in/fake-ada-summerfield-1967
Aragorn son of Arathorn,Ada Byron-Lovelace,1843-11-05 02:11:48 UTC,,INCOMING,https://www.linkedin.com/in/fake-aragorn-son-of-arathorn-777,https://www.linkedin.com/in/fake-ada-byron-lovelace
Ada Byron-Lovelace,Vera Rubin,1849-02-10 18:15:03 UTC,,OUTGOING,https://www.linkedin.com/in/fake-ada-byron-lovelace,https://www.linkedin.com/in/fake-vera-rubin-2001
Ada Byron-Lovelace,Frodo Lovegood,1834-08-01 12:11:00 UTC,We met at the Royal Institution lecture. Would you be open to connecting?,OUTGOING,https://www.linkedin.com/in/fake-ada-byron-lovelace,https://www.linkedin.com/in/fake-frodo-lovegood-495
Ada Byron-Lovelace,Neville von Neumann,1839-01-15 09:03:18 UTC,,OUTGOING,https://www.linkedin.com/in/fake-ada-byron-lovelace,https://www.linkedin.com/in/fake-neville-von-neumann-1710
Ron Noether,Ada Byron-Lovelace,1842-01-21 20:03:54 UTC,We met at the Royal Institution lecture. Would you be open to connecting?,INCOMING,https://www.linkedin.com/in/fake-ron-noether-17,https://www.linkedin.com/in/fake-ada-byron-lovelace
Ada Byron-Lovelace,Faramir Byron,1850-08-19 16:05:44 UTC,We met at the Royal Institution lecture. Would you be open to connecting?,OUTGOING,https://www.linkedin.com/in/fake-ada-byron-lovelace,https://www.linkedin.com/in/fake-faramir-byron-456
Ada Byron-Lovelace,Grace Vaughan,1848-02-03 04:46:48 UTC,,OUTGOING,https://www.linkedin.com/in/fake-ada-byron-lovelace,https://www.linkedin.com/in/fake-grace-vaughan-1020
Ada Byron-Lovelace,Ellen Noether,1846-10-13 14:05:31 UTC,We met at the Royal Institution lecture. Would you be open to connecting?,OUTGOING,https://www.linkedin.com/in/fake-ada-byron-lovelace,https://www.linkedin.com/in/fake-ellen-noether-64
Ada Byron-Lovelace,Srinivasa Longbottom,1839-12-23 02:29:45 UTC,,OUTGOING,https://www.linkedin.com/in/fake-ada-byron-lovelace,https://www.linkedin.com/in/fake-srinivasa-longbottom-1583
Neo Lannister,Ada Byron-Lovelace,1838-10-17 11:21:13 UTC,We met at the Royal Institution lecture. Would you be open to connecting?,INCOMING,https://www.linkedin.com/in/fake-neo-lannister-467,https://www.linkedin.com/in/fake-ada-byron-lovelace
Ada Byron-Lovelace,Moana of Alexandria,1841-05-04 16:29:19 UTC,,OUTGOING,https://www.linkedin.com/in/fake-ada-byron-lovelace,https://www.linkedin.com/in/fake-moana-of-alexandria-1484
Charles Moonglow,Ada Byron-Lovelace,1835-06-14 14:41:20 UTC,We met at the Royal Institution lecture. Would you be open to connecting?,INCOMING,https://www.linkedin.com/in/fake-charles-moonglow-668,https://www.linkedin.com/in/fake-ada-byron-lovelace
Evelyn Nightingale,Ada Byron-Lovelace,1840-07-14 08:18:52 UTC,,INCOMING,https://www.linkedin.com/in/fake-evelyn-nightingale-742,https://www.linkedin.com/in/fake-ada-byron-lovelace
Ada Byron-Lovelace,Frodo Jackson,1850-08-15 22:31:03 UTC,,OUTGOING,https://www.linkedin.com/in/fake-ada-byron-lovelace,https://www.linkedin.com/in/fake-frodo-jackson-1865
Belle Everdeen,Ada Byron-Lovelace,1836-04-22 11:00:14 UTC,,INCOMING,https://www.linkedin.com/in/fake-belle-everdeen-498,https://www.linkedin.com/in/fake-ada-byron-lovelace
Ada Byron-Lovelace,Peeta Longbottom,1843-03-09 19:59:50 UTC,,OUTGOING,https://www.linkedin.com/in/fake-ada-byron-lovelace,https://www.linkedin.com/in/fake-peeta-longbottom-1733
Jocelyn Everdeen,Ada Byron-Lovelace,1833-07-22 22:13:07 UTC,,INCOMING,https://www.linkedin.com/in/fake-jocelyn-everdeen-157,https://www.linkedin.com/in/fake-ada-byron-lovelace
Ada Byron-Lovelace,Grace Cannon,1844-04-17 00:26:36 UTC,We met at the Royal Institution lecture. Would you be open to connecting?,OUTGOING,https://www.linkedin.com/in/fake-ada-byron-lovelace,https://www.linkedin.com/in/fake-grace-cannon-983
Ada Byron-Lovelace,Elsa Granger,1841-09-24 23:30:44 UTC,,OUTGOING,https://www.linkedin.com/in/fake-ada-byron-lovelace,https://www.linkedin.com/in/fake-elsa-granger-288
Ada Byron-Lovelace,Grace Cannon,1846-09-10 10:27:53 UTC,We met at the Royal Institution lecture. Would you be open to connecting?,OUTGOING,https://www.linkedin.com/in/fake-ada-byron-lovelace,https://www.linkedin.com/in/fake-grace-cannon-983
Simba Quibble,Ada Byron-Lovelace,1846-05-23 05:45:39 UTC,We met at the Royal Institution lecture. Would you be open to connecting?,INCOMING,https://www.linkedin.com/in/fake-simba-quibble-1811,https://www.linkedin.com/in/fake-ada-byron-lovelace
Ada Byron-Lovelace,Charles Carson,1842-01-28 04:43:36 UTC,We met at the Royal Institution lecture. Would you be open to connecting?,OUTGOING,https://www.linkedin.com/in/fake-ada-byron-lovelace,https://www.linkedin.com/in/fake-charles-carson-451
Ada Byron-Lovelace,Frodo Organa,1850-03-01 21:27:50 UTC,We met at the Royal Institution lecture. Would you be open to connecting?,OUTGOING,https://www.linkedin.com/in/fake-ada-byron-lovelace,https://www.linkedin.com/in/fake-frodo-organa-1454
Juno son of Arathorn,Ada Byron-Lovelace,1837-02-24 18:19:09 UTC,We met at the Royal Institution lecture. Would you be open to connecting?,INCOMING,https://www.linkedin.com/in/fake-juno-son-of-arathorn-1347,https://www.linkedin.com/in/fake-ada-byron-lovelace
Briar Noether,Ada Byron-Lovelace,1834-03-04 05:25:28 UTC,We met at the Royal Institution lecture. Would you be open to connecting?,INCOMING,https://www.linkedin.com/in/fake-briar-noether-603,https://www.linkedin.com/in/fake-ada-byron-lovelace
Dana Shelley,Ada Byron-Lovelace,1842-10-19 12:38:20 UTC,We met at the Royal Institution lecture. Would you be open to connecting?,INCOMING,https://www.linkedin.com/in/fake-dana-shelley-1666,https://www.linkedin.com/in/fake-ada-byron-lovelace
Ada Byron-Lovelace,Anna Hopper,1845-01-21 14:50:02 UTC,,OUTGOING,https://www.linkedin.com/in/fake-ada-byron-lovelace,https://www.linkedin.com/in/fake-anna-hopper-1674
Shakuntala of Motunui,Ada Byron-Lovelace,1850-03-15 09:48:34 UTC,,INCOMING,https://www.linkedin.com/in/fake-shakuntala-of-motunui-1965,https://www.linkedin.com/in/fake-ada-byron-lovelace
Belle Stark,Ada Byron-Lovelace,1843-05-22 18:58:12 UTC,We met at the Royal Institution lecture. Would you be open to connecting?,INCOMING,https://www.linkedin.com/in/fake-belle-stark-2045,https://www.linkedin.com/in/fake-ada-byron-lovelace
Ada Byron-Lovelace,Kael Tesla,1842-11-07 05:03:54 UTC,We met at the Royal Institution lecture. Would you be open to connecting?,OUTGOING,https://www.linkedin.com/in/fake-ada-byron-lovelace,https://www.linkedin.com/in/fake-kael-tesla-979
Ada Byron-Lovelace,Milo Franklin,1835-11-23 10:19:00 UTC,,OUTGOING,https://www.linkedin.com/in/fake-ada-byron-lovelace,https://www.linkedin.com/in/fake-milo-franklin-1872
Ezra Meitner,Ada Byron-Lovelace,1836-07-21 03:44:57 UTC,,INCOMING,https://www.linkedin.com/in/fake-ezra-meitner-1393,https://www.linkedin.com/in/fake-ada-byron-lovelace
Ada Byron-Lovelace,Radia Mirzakhani,1847-06-16 19:20:58 UTC,,OUTGOING,https://www.linkedin.com/in/fake-ada-byron-lovelace,https://www.linkedin.com/in/fake-radia-mirzakhani-896
Ada Byron-Lovelace,Evelyn Dijkstra,1841-11-24 15:55:52 UTC,,OUTGOING,https://www.linkedin.com/in/fake-ada-byron-lovelace,https://www.linkedin.com/in/fake-evelyn-dijkstra-193
Aragorn Blackburn,Ada Byron-Lovelace,1844-11-02 21:22:58 UTC,,INCOMING,https://www.linkedin.com/in/fake-aragorn-blackburn-800,https://www.linkedin.com/in/fake-ada-byron-lovelace
Enrico Johnson,Ada Byron-Lovelace,1833-06-17 16:29:46 UTC,We met at the Royal Institution lecture. Would you be open to connecting?,INCOMING,https://www.linkedin.com/in/fake-enrico-johnson-305,https://www.linkedin.com/in/fake-ada-byron-lovelace
Samwise Babbage,Ada Byron-Lovelace,1835-11-28 10:20:27 UTC,,INCOMING,https://www.linkedin.com/in/fake-samwise-babbage-51,https://www.linkedin.com/in/fake-ada-byron-lovelace
Simba Organa,Ada Byron-Lovelace,1848-01-05 17:13:49 UTC,We met at the Royal Institution lecture. Would you be open to connecting?,INCOMING,https://www.linkedin.com/in/fake-simba-organa-1360,https://www.linkedin.com/in/fake-ada-byron-lovelace
Ada Byron-Lovelace,Vera Boyd,1851-03-11 21:37:27 UTC,We met at the Royal Institution lecture. Would you be open to connecting?,OUTGOING,https://www.linkedin.com/in/fake-ada-byron-lovelace,https://www.linkedin.com/in/fake-vera-boyd-1285
Trinity Tesla,Ada Byron-Lovelace,1848-03-28 10:33:00 UTC,We met at the Royal Institution lecture. Would you be open to connecting?,INCOMING,https://www.linkedin.com/in/fake-trinity-tesla-265,https://www.linkedin.com/in/fake-ada-byron-lovelace
Anna Franklin,Ada Byron-Lovelace,1843-05-09 01:23:32 UTC,,INCOMING,https://www.linkedin.com/in/fake-anna-franklin-1312,https://www.linkedin.com/in/fake-ada-byron-lovelace
Ada Byron-Lovelace,Dennis Scully,1839-07-26 16:37:31 UTC,,OUTGOING,https://www.linkedin.com/in/fake-ada-byron-lovelace,https://www.linkedin.com/in/fake-dennis-scully-142
Rosalind Weasley,Ada Byron-Lovelace,1847-09-14 01:55:09 UTC,,INCOMING,https://www.linkedin.com/in/fake-rosalind-weasley-857,https://www.linkedin.com/in/fake-ada-byron-lovelace
Ron Ritchie,Ada Byron-Lovelace,1833-12-27 15:35:06 UTC,We met at the Royal Institution lecture. Would you be open to connecting?,INCOMING,https://www.linkedin.com/in/fake-ron-ritchie-1884,https://www.linkedin.com/in/fake-ada-byron-lovelace
Alan Vaughan,Ada Byron-Lovelace,1847-11-13 15:02:35 UTC,We met at the Royal Institution lecture. Would you be open to connecting?,INCOMING,https://www.linkedin.com/in/fake-alan-vaughan-269,https://www.linkedin.com/in/fake-ada-byron-lovelace
Ada Byron-Lovelace,Belle Goodall,1838-10-05 23:41:51 UTC,We met at the Royal Institution lecture. Would you be open to connecting?,OUTGOING,https://www.linkedin.com/in/fake-ada-byron-lovelace,https://www.linkedin.com/in/fake-belle-goodall-1121
Jane Quibble,Ada Byron-Lovelace,1834-09-17 21:40:57 UTC,We met at the Royal Institution lecture. Would you be open to connecting?,INCOMING,https://www.linkedin.com/in/fake-jane-quibble-484,https://www.linkedin.com/in/fake-ada-byron-lovelace
Ada Byron-Lovelace,Srinivasa of Arendelle,1839-11-13 17:20:35 UTC,We met at the Royal Institution lecture. Would you be open to connecting?,OUTGOING,https://www.linkedin.com/in/fake-ada-byron-lovelace,https://www.linkedin.com/in/fake-srinivasa-of-arendelle-1695
Ada Byron-Lovelace,Briar Shannon,1844-12-23 19:34:29 UTC,,OUTGOING,https://www.linkedin.com/in/fake-ada-byron-lovelace,https://www.linkedin.com/in/fake-briar-shannon-1523
Rhonda of Ithilien,Ada Byron-Lovelace,1845-12-16 11:59:43 UTC,We met at the Royal Institution lecture. Would you be open to connecting?,INCOMING,https://www.linkedin.com/in/fake-rhonda-of-ithilien-847,https://www.linkedin.com/in/fake-ada-byron-lovelace
Ada Byron-Lovelace,Jean-Luc Took,1847-05-15 20:22:34 UTC,We met at the Royal Institution lecture. Would you be open to connecting?,OUTGOING,https://www.linkedin.com/in/fake-ada-byron-lovelace,https://www.linkedin.com/in/fake-jean-luc-took-1425
Dorothy Ramanujan,Ada Byron-Lovelace,1835-04-02 13:42:54 UTC,,INCOMING,https://www.linkedin.com/in/fake-dorothy-ramanujan-332,https://www.linkedin.com/in/fake-ada-byron-lovelace
Aragorn son of Arathorn,Ada Byron-Lovelace,1847-10-16 14:13:52 UTC,We met at the Royal Institution lecture. Would you be open to connecting?,INCOMING,https://www.linkedin.com/in/fake-aragorn-son-of-arathorn-777,https://www.linkedin.com/in/fake-ada-byron-lovelace
Ada Byron-Lovelace,Belle Babbage,1843-04-13 16:18:11 UTC,,OUTGOING,https://www.linkedin.com/in/fake-ada-byron-lovelace,https://www.linkedin.com/in/fake-belle-babbage-998
Ada Byron-Lovelace,Atticus of Motunui,1834-05-18 18:27:46 UTC,,OUTGOING,https://www.linkedin.com/in/fake-ada-byron-lovelace,https://www.linkedin.com/in/fake-atticus-of-motunui-522
Ada Byron-Lovelace,Sable Hollow,1840-12-25 01:15:40 UTC,We met at the Royal Institution lecture. Would you be open to connecting?,OUTGOING,https://www.linkedin.com/in/fake-ada-byron-lovelace,https://www.linkedin.com/in/fake-sable-hollow-635
Wren Meitner,Ada Byron-Lovelace,1851-11-23 18:28:09 UTC,,INCOMING,https://www.linkedin.com/in/fake-wren-meitner-1471,https://www.linkedin.com/in/fake-ada-byron-lovelace
Ada Byron-Lovelace,Annie Ritchie,1836-09-12 21:00:02 UTC,,OUTGOING,https://www.linkedin.com/in/fake-ada-byron-lovelace,https://www.linkedin.com/in/fake-annie-ritchie-1330
Claude Ritchie,Ada Byron-Lovelace,1837-01-13 02:31:40 UTC,We met at the Royal Institution lecture. Would you be open to connecting?,INCOMING,https://www.linkedin.com/in/fake-claude-ritchie-1620,https://www.linkedin.com/in/fake-ada-byron-lovelace
Edsger Ripley,Ada Byron-Lovelace,1847-04-06 21:54:25 UTC,,INCOMING,https://www.linkedin.com/in/fake-edsger-ripley-1416,https://www.linkedin.com/in/fake-ada-byron-lovelace
Ada Byron-Lovelace,Chien-Shiung Leavitt,1843-07-17 12:12:11 UTC,We met at the Royal Institution lecture. Would you be open to connecting?,OUTGOING,https://www.linkedin.com/in/fake-ada-byron-lovelace,https://www.linkedin.com/in/fake-chien-shiung-leavitt-1518
Marie son of Arathorn,Ada Byron-Lovelace,1842-11-25 12:09:55 UTC,,INCOMING,https://www.linkedin.com/in/fake-marie-son-of-arathorn-1384,https://www.linkedin.com/in/fake-ada-byron-lovelace
Ada Byron-Lovelace,Ada Leavitt,1838-11-09 00:33:13 UTC,,OUTGOING,https://www.linkedin.com/in/fake-ada-byron-lovelace,https://www.linkedin.com/in/fake-ada-leavitt-1679
Ada Byron-Lovelace,Rachel Baggins,1838-07-25 04:59:28 UTC,We met at the Royal Institution lecture. Would you be open to connecting?,OUTGOING,https://www.linkedin.com/in/fake-ada-byron-lovelace,https://www.linkedin.com/in/fake-rachel-baggins-2022
Jane Perlman,Ada Byron-Lovelace,1836-12-28 16:19:06 UTC,We met at the Royal Institution lecture. Would you be open to connecting?,INCOMING,https://www.linkedin.com/in/fake-jane-perlman-1258,https://www.linkedin.com/in/fake-ada-byron-lovelace
Ada Byron-Lovelace,Padme of Arendelle,1842-02-11 18:17:55 UTC,We met at the Royal Institution lecture. Would you be open to connecting?,OUTGOING,https://www.linkedin.com/in/fake-ada-byron-lovelace,https://www.linkedin.com/in/fake-padme-of-arendelle-1827
Ada Byron-Lovelace,Briar of Motunui,1849-04-23 23:18:54 UTC,,OUTGOING,https://www.linkedin.com/in/fake-ada-byron-lovelace,https://www.linkedin.com/in/fake-briar-of-motunui-1272
Ada Byron-Lovelace,Neville of Rohan,1838-08-25 02:38:15 UTC,,OUTGOING,https://www.linkedin.com/in/fake-ada-byron-lovelace,https://www.linkedin.com/in/fake-neville-of-rohan-540
Juno Hopper,Ada Byron-Lovelace,1841-05-11 10:31:35 UTC,We met at the Royal Institution lecture. Would you be open to connecting?,INCOMING,https://www.linkedin.com/in/fake-juno-hopper-1581,https://www.linkedin.com/in/fake-ada-byron-lovelace
Ada Byron-Lovelace,Wren Amidala,1841-10-04 08:43:11 UTC,We met at the Royal Institution lecture. Would you be open to connecting?,OUTGOING,https://www.linkedin.com/in/fake-ada-byron-lovelace,https://www.linkedin.com/in/fake-wren-amidala-517
Atticus Bramble,Ada Byron-Lovelace,1833-11-26 15:09:11 UTC,We met at the Royal Institution lecture. Would you be open to connecting?,INCOMING,https://www.linkedin.com/in/fake-atticus-bramble-695,https://www.linkedin.com/in/fake-ada-byron-lovelace
Ada Byron-Lovelace,Jocelyn Harbinger,1848-09-21 11:28:13 UTC,,OUTGOING,https://www.linkedin.com/in/fake-ada-byron-lovelace,https://www.linkedin.com/in/fake-jocelyn-harbinger-112
Radia son of Arathorn,Ada Byron-Lovelace,1839-05-05 21:05:26 UTC,,INCOMING,https://www.linkedin.com/in/fake-radia-son-of-arathorn-395,https://www.linkedin.com/in/fake-ada-byron-lovelace
Galadriel Johnson,Ada Byron-Lovelace,1838-10-09 19:36:18 UTC,We met at the Royal Institution lecture. Would you be open to connecting?,INCOMING,https://www.linkedin.com/in/fake-galadriel-johnson-1245,https://www.linkedin.com/in/fake-ada-byron-lovelace
Fable Harbinger,Ada Byron-Lovelace,1843-12-02 09:56:28 UTC,We met at the Royal Institution lecture. Would you be open to connecting?,INCOMING,https://www.linkedin.com/in/fake-fable-harbinger-1586,https://www.linkedin.com/in/fake-ada-byron-lovelace
Ada Byron-Lovelace,Leia of Rohan,1836-07-26 19:30:09 UTC,We met at the Royal Institution lecture. Would you be open to connecting?,OUTGOING,https://www.linkedin.com/in/fake-ada-byron-lovelace,https://www.linkedin.com/in/fake-leia-of-rohan-334
Ada Byron-Lovelace,Shakuntala Lamarr,1843-02-21 07:53:45 UTC,We met at the Royal Institution lecture. Would you be open to connecting?,OUTGOING,https://www.linkedin.com/in/fake-ada-byron-lovelace,https://www.linkedin.com/in/fake-shakuntala-lamarr-1533
Ada Byron-Lovelace,Beatrice Devi,1840-03-14 19:22:34 UTC,,OUTGOING,https://www.linkedin.com/in/fake-ada-byron-lovelace,https://www.linkedin.com/in/fake-beatrice-devi-959
Ada Byron-Lovelace,Tessa Blackburn,1840-01-04 11:02:32 UTC,We met at the Royal Institution lecture. Would you be open to connecting?,OUTGOING,https://www.linkedin.com/in/fake-ada-byron-lovelace,https://www.linkedin.com/in/fake-tessa-blackburn-1276
Ada Byron-Lovelace,Srinivasa of Arendelle,1841-10-25 19:27:58 UTC,We met at the Royal Institution lecture. Would you be open to connecting?,OUTGOING,https://www.linkedin.com/in/fake-ada-byron-lovelace,https://www.linkedin.com/in/fake-srinivasa-of-arendelle-1695
Ada Byron-Lovelace,Moana Tesla,1834-06-03 21:24:59 UTC,We met at the Royal Institution lecture. Would you be open to connecting?,OUTGOING,https://www.linkedin.com/in/fake-ada-byron-lovelace,https://www.linkedin.com/in/fake-moana-tesla-2037
Ron Baggins,Ada Byron-Lovelace,1845-12-03 06:45:50 UTC,,INCOMING,https://www.linkedin.com/in/fake-ron-baggins-985,https://www.linkedin.com/in/fake-ada-byron-lovelace
Ada Byron-Lovelace,Faramir Brookworth,1850-02-26 13:34:53 UTC,,OUTGOING,https://www.linkedin.com/in/fake-ada-byron-lovelace,https://www.linkedin.com/in/fake-faramir-brookworth-1887
Ada Byron-Lovelace,Hypatia Vaughan,1839-07-23 16:48:25 UTC,We met at the Royal Institution lecture. Would you be open to connecting?,OUTGOING,https://www.linkedin.com/in/fake-ada-byron-lovelace,https://www.linkedin.com/in/fake-hypatia-vaughan-145
Zara Hollow,Ada Byron-Lovelace,1845-02-13 12:45:22 UTC,We met at the Royal Institution lecture. Would you be open to connecting?,INCOMING,https://www.linkedin.com/in/fake-zara-hollow-679,https://www.linkedin.com/in/fake-ada-byron-lovelace
Ada Byron-Lovelace,Frances Lannister,1835-01-13 10:53:00 UTC,,OUTGOING,https://www.linkedin.com/in/fake-ada-byron-lovelace,https://www.linkedin.com/in/fake-frances-lannister-1301
Ada Byron-Lovelace,Rachel Perkins,1838-07-24 10:36:13 UTC,We met at the Royal Institution lecture. Would you be open to connecting?,OUTGOING,https://www.linkedin.com/in/fake-ada-byron-lovelace,https://www.linkedin.com/in/fake-rachel-perkins-1979
Aragorn of Ithilien,Ada Byron-Lovelace,1837-01-11 21:52:03 UTC,We met at the Royal Institution lecture. Would you be open to connecting?,INCOMING,https://www.linkedin.com/in/fake-aragorn-of-ithilien-1207,https://www.linkedin.com/in/fake-ada-byron-lovelace
Frodo Bramble,Ada Byron-Lovelace,1841-07-04 11:02:55 UTC,We met at the Royal Institution lecture. Would you be open to connecting?,INCOMING,https://www.linkedin.com/in/fake-frodo-bramble-1843,https://www.linkedin.com/in/fake-ada-byron-lovelace
Ada Byron-Lovelace,Belle Blackburn,1835-03-26 08:04:58 UTC,We met at the Royal Institution lecture. Would you be open to connecting?,OUTGOING,https://www.linkedin.com/in/fake-ada-byron-lovelace,https://www.linkedin.com/in/fake-belle-blackburn-429
Ada Byron-Lovelace,Dennis Harbinger,1848-11-12 04:21:52 UTC,,OUTGOING,https://www.linkedin.com/in/fake-ada-byron-lovelace,https://www.linkedin.com/in/fake-dennis-harbinger-1830
Nova Fa,Ada Byron-Lovelace,1838-05-02 16:08:02 UTC,We met at the Royal Institution lecture. Would you be open to connecting?,INCOMING,https://www.linkedin.com/in/fake-nova-fa-1692,https://www.linkedin.com/in/fake-ada-byron-lovelace
Arya Byron,Ada Byron-Lovelace,1846-02-17 15:09:33 UTC,We met at the Royal Institution lecture. Would you be open to connecting?,INCOMING,https://www.linkedin.com/in/fake-arya-byron-1069,https://www.linkedin.com/in/fake-ada-byron-lovelace
Nikola Lovegood,Ada Byron-Lovelace,1848-04-19 18:04:31 UTC,We met at the Royal Institution lecture. Would you be open to connecting?,INCOMING,https://www.linkedin.com/in/fake-nikola-lovegood-139,https://www.linkedin.com/in/fake-ada-byron-lovelace
Ada Byron-Lovelace,Eowyn of Lothlorien,1841-05-26 18:14:21 UTC,,OUTGOING,https://www.linkedin.com/in/fake-ada-byron-lovelace,https://www.linkedin.com/in/fake-eowyn-of-lothlorien-252
Galadriel Weasley,Ada Byron-Lovelace,1842-04-27 19:21:41 UTC,,INCOMING,https://www.linkedin.com/in/fake-galadriel-weasley-999,https://www.linkedin.com/in/fake-ada-byron-lovelace
Ada Byron-Lovelace,Michael Faraday,1848-11-12 05:06:06 UTC,We met at the Royal Institution lecture. Would you be open to connecting?,OUTGOING,https://www.linkedin.com/in/fake-ada-byron-lovelace,https://www.linkedin.com/in/fake-michael-faraday
Ada Byron-Lovelace,Luna Quibble,1834-02-17 23:55:52 UTC,,OUTGOING,https://www.linkedin.com/in/fake-ada-byron-lovelace,https://www.linkedin.com/in/fake-luna-quibble-836
Donald Shannon,Ada Byron-Lovelace,1851-09-07 13:55:05 UTC,We met at the Royal Institution lecture. Would you be open to connecting?,INCOMING,https://www.linkedin.com/in/fake-donald-shannon-1079,https://www.linkedin.com/in/fake-ada-byron-lovelace
Ada Byron-Lovelace,Morpheus Turing,1845-01-20 02:14:06 UTC,We met at the Royal Institution lecture. Would you be open to connecting?,OUTGOING,https://www.linkedin.com/in/fake-ada-byron-lovelace,https://www.linkedin.com/in/fake-morpheus-turing-1629
Morpheus Lovelace,Ada Byron-Lovelace,1836-04-27 20:41:21 UTC,,INCOMING,https://www.linkedin.com/in/fake-morpheus-lovelace-1536,https://www.linkedin.com/in/fake-ada-byron-lovelace
Ron Finch,Ada Byron-Lovelace,1837-08-03 03:32:03 UTC,,INCOMING,https://www.linkedin.com/in/fake-ron-finch-1531,https://www.linkedin.com/in/fake-ada-byron-lovelace
Ada Byron-Lovelace,Dennis Lovelace,1839-01-12 18:22:36 UTC,,OUTGOING,https://www.linkedin.com/in/fake-ada-byron-lovelace,https://www.linkedin.com/in/fake-dennis-lovelace-511
Neo Franklin,Ada Byron-Lovelace,1839-11-21 14:36:23 UTC,We met at the Royal Institution lecture. Would you be open to connecting?,INCOMING,https://www.linkedin.com/in/fake-neo-franklin-1270,https://www.linkedin.com/in/fake-ada-byron-lovelace
Arya Franklin,Ada Byron-Lovelace,1838-01-13 08:29:31 UTC,We met at the Royal Institution lecture. Would you be open to connecting?,INCOMING,https://www.linkedin.com/in/fake-arya-franklin-1240,https://www.linkedin.com/in/fake-ada-byron-lovelace
Ada Byron-Lovelace,Katniss Amidala,1843-06-23 02:55:12 UTC,We met at the Royal Institution lecture. Would you be open to connecting?,OUTGOING,https://www.linkedin.com/in/fake-ada-byron-lovelace,https://www.linkedin.com/in/fake-katniss-amidala-1660
Ada Byron-Lovelace,Vera Finch,1839-12-07 10:00:53 UTC,,OUTGOING,https://www.linkedin.com/in/fake-ada-byron-lovelace,https://www.linkedin.com/in/fake-vera-finch-292
Ada Byron-Lovelace,Atticus Stark,1850-05-10 23:23:52 UTC,We met at the Royal Institution lecture. Would you be open to connecting?,OUTGOING,https://www.linkedin.com/in/fake-ada-byron-lovelace,https://www.linkedin.com/in/fake-atticus-stark-281
Dorothy Meitner,Ada Byron-Lovelace,1842-06-22 20:13:25 UTC,,INCOMING,https://www.linkedin.com/in/fake-dorothy-meitner-143,https://www.linkedin.com/in/fake-ada-byron-lovelace
Ada Byron-Lovelace,Luna Quibble,1841-04-16 08:47:20 UTC,We met at the Royal Institution lecture. Would you be open to connecting?,OUTGOING,https://www.linkedin.com/in/fake-ada-byron-lovelace,https://www.linkedin.com/in/fake-luna-quibble-836
Frodo Blackburn,Ada Byron-Lovelace,1837-04-03 02:54:38 UTC,We met at the Royal Institution lecture. Would you be open to connecting?,INCOMING,https://www.linkedin.com/in/fake-frodo-blackburn-1627,https://www.linkedin.com/in/fake-ada-byron-lovelace
Ada Byron-Lovelace,Elsa Kovalevskaya,1844-07-21 01:32:11 UTC,,OUTGOING,https://www.linkedin.com/in/fake-ada-byron-lovelace,https://www.linkedin.com/in/fake-elsa-kovalevskaya-150
Ada Byron-Lovelace,Vera Devi,1847-09-11 16:40:39 UTC,,OUTGOING,https://www.linkedin.com/in/fake-ada-byron-lovelace,https://www.linkedin.com/in/fake-vera-devi-414
Kael Vaughan,Ada Byron-Lovelace,1845-07-26 08:57:21 UTC,,INCOMING,https://www.linkedin.com/in/fake-kael-vaughan-819,https://www.linkedin.com/in/fake-ada-byron-lovelace
Ada Byron-Lovelace,Vera Wu,1843-02-13 22:59:36 UTC,We met at the Royal Institution lecture. Would you be open to connecting?,OUTGOING,https://www.linkedin.com/in/fake-ada-byron-lovelace,https://www.linkedin.com/in/fake-vera-wu-1917
